insert into branch (city, branchName) values
    ("Hefei", "AHB"),
    ("Beijing", "BJB"),
    ("Shanghai", "SHB");

insert into chequeAccount (cusA_accountIDX, neg_limit) values
    ("60752809659831199536", 5000),
    ("44419484387550756060", 10000),
    ("14174955927329992757", 5000),
    ("17412356166315835091", 5000),
    ("02691489713804331785", 5000),
    ("25518174825839300841", 2000),
    ("27924430599060312850", 2000),
    ("13083825926517336674", 5000),
    ("16012645344978841249", 2000),
    ("91506447526566436953", 1000),
    ("95515231658993740937", 10000),
    ("57036661051703301220", 10000),
    ("51804923065416137920", 1000),
    ("11391740539132730783", 2000),
    ("61088172732168959190", 10000),
    ("89802594228643433020", 1000),
    ("15567361868661270166", 2000),
    ("58870485897768987693", 1000),
    ("07852922253871077757", 5000),
    ("71499689188077736303", 5000),
    ("50460411394216427987", 10000),
    ("57942711141115104817", 2000),
    ("61963477645570664697", 5000),
    ("20677423695981553324", 5000),
    ("80338329288343598429", 10000),
    ("21529297073773563771", 2000),
    ("37217231752837011385", 2000),
    ("94882348962603199690", 5000),
    ("20734930875003572775", 10000),
    ("30150253283329400412", 1000),
    ("39973402764410879763", 5000),
    ("71060853663009861662", 1000),
    ("20079865766996851554", 10000),
    ("96219455897923556700", 10000),
    ("51617380776738505146", 10000),
    ("38879725301349771250", 2000),
    ("36815862599740694535", 1000),
    ("53367140841948678726", 2000),
    ("41481274157329563242", 5000),
    ("47649829207440510466", 1000),
    ("31099335992932274299", 1000),
    ("66194173833127719140", 2000),
    ("90410402170682754864", 10000),
    ("42757880741421260070", 2000),
    ("81740068795930001444", 2000),
    ("44638951820016791091", 1000),
    ("00268203524518735362", 10000),
    ("65616249965630630487", 2000),
    ("71524158645501057794", 2000),
    ("88893948611963019797", 2000),
    ("22657568291048185378", 10000),
    ("70316570646311093616", 10000),
    ("33529172323114175884", 5000),
    ("79642055580223318430", 5000),
    ("27891272302401212385", 5000),
    ("00656851411236346492", 5000),
    ("56662355796479527897", 1000),
    ("41125583927967724206", 1000),
    ("60160549134830396592", 10000),
    ("87508336127014388341", 1000),
    ("82279945361435316200", 2000),
    ("34474323293847748950", 2000),
    ("88800317640360879972", 1000),
    ("16666064001433387623", 10000),
    ("50610073001622878595", 2000),
    ("47218005262606181671", 1000),
    ("09365293663200703070", 10000),
    ("78800235063784061660", 2000),
    ("41251667949315476797", 10000),
    ("42499066310375129168", 1000),
    ("89141194481606352500", 2000),
    ("26549505290632149118", 5000),
    ("85701348442663798696", 5000),
    ("68318917184931112832", 2000),
    ("54548556262356224047", 1000),
    ("13284180217811140748", 5000),
    ("96777085192908357475", 5000),
    ("30782561669239747464", 2000),
    ("28351918710359650874", 1000),
    ("16060944543928242076", 10000),
    ("10931841631588271568", 5000),
    ("79455493020689797509", 2000),
    ("04918742049667741501", 10000),
    ("73748439787672542603", 10000),
    ("47470936198145013445", 5000),
    ("62528585130963909003", 1000),
    ("51886832425489284519", 1000),
    ("65685426669545599345", 1000),
    ("75723410552876219353", 10000),
    ("34517430983446163772", 10000),
    ("08917576035562242403", 10000),
    ("08336249005799322527", 2000),
    ("60721744540801877921", 5000),
    ("51829740132367537065", 10000),
    ("60618873687042835741", 1000),
    ("08404513427696827546", 10000),
    ("30155241092083483442", 5000),
    ("27264520026234033142", 5000),
    ("09997175402377612685", 1000),
    ("38000198250389013059", 1000),
    ("28188391952264284831", 2000),
    ("39661177099934016042", 10000),
    ("86853871855674608245", 10000),
    ("24648272422658088027", 10000),
    ("65726745192347931554", 5000),
    ("42216163180255282191", 1000),
    ("10758630448638772980", 1000),
    ("02682853137197177778", 5000),
    ("52078057697953855639", 2000),
    ("22536979423982857152", 2000),
    ("31955189436053973592", 1000),
    ("66636197873532580390", 1000),
    ("34958711439003058157", 10000),
    ("96396367711469305110", 10000),
    ("48107286224967599715", 2000),
    ("84601252476339195420", 5000),
    ("86259043851272138613", 2000),
    ("57961428448297351310", 2000),
    ("99248979122610193437", 2000),
    ("09643525502719357426", 5000),
    ("26330791877322959112", 1000),
    ("54430187716308999921", 2000),
    ("89375683696085607608", 10000),
    ("59034177768143801546", 1000),
    ("06834925389789385643", 10000),
    ("43670236043775814179", 10000),
    ("78097547161961490361", 2000),
    ("59751449407718352867", 1000),
    ("69072438284959256581", 1000),
    ("86917325132444034743", 5000),
    ("29967440824116860866", 1000),
    ("27634353189209040048", 2000),
    ("27382242413600738568", 5000),
    ("26391453180095309015", 2000),
    ("18568382518118671209", 10000),
    ("69746446794781883420", 10000),
    ("16980560133239622762", 10000),
    ("96361364667496886425", 5000),
    ("73030787513933496354", 1000),
    ("24915825171096356648", 2000),
    ("48613407089085397230", 2000),
    ("85171393714238770643", 10000),
    ("79200157693408865683", 2000),
    ("77149359514965246371", 10000),
    ("17884163288234977385", 5000),
    ("56770281357675636101", 5000),
    ("43592837714154251911", 5000),
    ("27629219358513940148", 2000),
    ("36739564386666848988", 5000),
    ("55418460713538684428", 2000),
    ("10451941942967670725", 1000),
    ("15986176719355157124", 2000),
    ("39887665538332506905", 1000),
    ("95418654655547309702", 5000),
    ("11758818830864384745", 2000),
    ("43851271725367885121", 2000),
    ("33104021229377496063", 2000),
    ("44647790705702724592", 10000),
    ("79640926828030897050", 10000),
    ("11550151844177440597", 1000),
    ("38087738504333154465", 5000),
    ("36413195631322737155", 1000),
    ("37183337086214523141", 5000),
    ("77774425475917721215", 10000),
    ("05266225774294041208", 2000),
    ("33988457001225701608", 5000),
    ("11339538918404608242", 2000),
    ("54483961768105516304", 10000),
    ("71187469304939514015", 5000),
    ("40605255860866841202", 1000),
    ("37417868680608028100", 2000),
    ("49225297712625863707", 5000);

insert into cusAccount (accountIDX, bran_branchName, staf_staffID, remain, visitTime, openTime) values
    ("60752809659831199536", "AHB", "410403200602056756", 70047, "2019-06-12", "2012-12-21"),
    ("87403047265812962839", "SHB", "410621199706040024", 131829, "2019-06-12", "2012-12-21"),
    ("64569713068417960713", "BJB", "410621199004068996", 70876, "2019-06-12", "2012-12-21"),
    ("44419484387550756060", "SHB", "410621198102239516", 5238, "2019-06-12", "2012-12-21"),
    ("14174955927329992757", "BJB", "410403200209235078", 166066, "2019-06-12", "2012-12-21"),
    ("58206830209510907592", "AHB", "443403200906142782", 99827, "2019-06-12", "2012-12-21"),
    ("40978074540388798765", "BJB", "410403200209235078", 1590, "2019-06-12", "2012-12-21"),
    ("18714729064862304921", "AHB", "410403198502239605", 87486, "2019-06-12", "2012-12-21"),
    ("17412356166315835091", "BJB", "410621198102239516", 162882, "2019-06-12", "2012-12-21"),
    ("02691489713804331785", "SHB", "410621199203033794", 191074, "2019-06-12", "2012-12-21"),
    ("45973527271692715019", "AHB", "410403201008149306", 141783, "2019-06-12", "2012-12-21"),
    ("17109478420777063682", "SHB", "443403198401021191", 142163, "2019-06-12", "2012-12-21"),
    ("35139744695260202946", "SHB", "410621199706040024", 134395, "2019-06-12", "2012-12-21"),
    ("25518174825839300841", "BJB", "410621200812066613", 193403, "2019-06-12", "2012-12-21"),
    ("69791093712910867867", "AHB", "443403199502112828", 75569, "2019-06-12", "2012-12-21"),
    ("27924430599060312850", "SHB", "410403198502239605", 99946, "2019-06-12", "2012-12-21"),
    ("13083825926517336674", "SHB", "221403200605056052", 133355, "2019-06-12", "2012-12-21"),
    ("16012645344978841249", "AHB", "410403200311109317", 622, "2019-06-12", "2012-12-21"),
    ("28078049582952848181", "SHB", "443403200011135482", 152000, "2019-06-12", "2012-12-21"),
    ("91506447526566436953", "BJB", "410621199902257806", 152039, "2019-06-12", "2012-12-21"),
    ("95515231658993740937", "SHB", "221403198707119110", 18253, "2019-06-12", "2012-12-21"),
    ("30945599321689202449", "AHB", "410621199902257806", 92329, "2019-06-12", "2012-12-21"),
    ("04342933489384280207", "SHB", "221621200911224556", 154304, "2019-06-12", "2012-12-21"),
    ("57036661051703301220", "AHB", "410403199912135987", 163292, "2019-06-12", "2012-12-21"),
    ("51804923065416137920", "BJB", "410403200602056756", 26370, "2019-06-12", "2012-12-21"),
    ("11391740539132730783", "AHB", "410621198003211377", 91054, "2019-06-12", "2012-12-21"),
    ("61088172732168959190", "BJB", "443403200906142782", 137254, "2019-06-12", "2012-12-21"),
    ("89802594228643433020", "BJB", "410621199004068996", 195462, "2019-06-12", "2012-12-21"),
    ("15567361868661270166", "AHB", "443621200701135219", 27317, "2019-06-12", "2012-12-21"),
    ("58870485897768987693", "AHB", "410403200311109317", 72105, "2019-06-12", "2012-12-21"),
    ("54012324699309320072", "SHB", "443403199501240257", 25841, "2019-06-12", "2012-12-21"),
    ("19149829309413365887", "BJB", "410621199706040024", 80478, "2019-06-12", "2012-12-21"),
    ("07852922253871077757", "SHB", "410403198909022969", 188902, "2019-06-12", "2012-12-21"),
    ("98529499260429646659", "SHB", "410621198701078872", 143804, "2019-06-12", "2012-12-21"),
    ("71499689188077736303", "BJB", "410403200604220460", 160232, "2019-06-12", "2012-12-21"),
    ("79172921777442400512", "BJB", "443621200503161853", 119173, "2019-06-12", "2012-12-21"),
    ("50460411394216427987", "AHB", "221403198402074734", 118244, "2019-06-12", "2012-12-21"),
    ("57942711141115104817", "SHB", "443621200503161853", 161946, "2019-06-12", "2012-12-21"),
    ("61963477645570664697", "BJB", "410621199004068996", 25940, "2019-06-12", "2012-12-21"),
    ("20677423695981553324", "BJB", "410621199004068996", 101429, "2019-06-12", "2012-12-21"),
    ("80338329288343598429", "AHB", "410403199912135987", 21416, "2019-06-12", "2012-12-21"),
    ("99619592170240211551", "SHB", "443403200501092511", 69007, "2019-06-12", "2012-12-21"),
    ("14607479066632243826", "SHB", "443403200906142782", 112184, "2019-06-12", "2012-12-21"),
    ("21529297073773563771", "BJB", "443621198405243523", 111222, "2019-06-12", "2012-12-21"),
    ("37217231752837011385", "AHB", "410403200205137845", 153409, "2019-06-12", "2012-12-21"),
    ("96690199748372803182", "AHB", "410403198909022969", 105975, "2019-06-12", "2012-12-21"),
    ("94882348962603199690", "SHB", "410403198909022969", 191698, "2019-06-12", "2012-12-21"),
    ("20734930875003572775", "AHB", "221621198804275299", 179448, "2019-06-12", "2012-12-21"),
    ("77998151993329064637", "BJB", "443621199507283622", 154593, "2019-06-12", "2012-12-21"),
    ("66511809216884654019", "AHB", "410403200604220460", 154204, "2019-06-12", "2012-12-21"),
    ("30150253283329400412", "SHB", "443621200701135219", 1273, "2019-06-12", "2012-12-21"),
    ("75600305229024896674", "SHB", "410403200604220460", 46112, "2019-06-12", "2012-12-21"),
    ("39973402764410879763", "AHB", "410621200812066613", 72059, "2019-06-12", "2012-12-21"),
    ("09839362550445693047", "SHB", "221403198310282003", 24653, "2019-06-12", "2012-12-21"),
    ("50216342860863765433", "BJB", "410621199902257806", 64724, "2019-06-12", "2012-12-21"),
    ("92500521485655020720", "AHB", "410621200812066613", 121549, "2019-06-12", "2012-12-21"),
    ("71060853663009861662", "AHB", "410621199004068996", 117300, "2019-06-12", "2012-12-21"),
    ("20079865766996851554", "BJB", "443403198002265736", 7677, "2019-06-12", "2012-12-21"),
    ("96219455897923556700", "BJB", "410621198807011407", 99082, "2019-06-12", "2012-12-21"),
    ("70063715033642665066", "SHB", "221403200605056052", 68049, "2019-06-12", "2012-12-21"),
    ("51617380776738505146", "AHB", "443403200011135482", 8068, "2019-06-12", "2012-12-21"),
    ("38879725301349771250", "BJB", "221621200911224556", 69319, "2019-06-12", "2012-12-21"),
    ("13079672243390433019", "AHB", "443621200910222464", 114184, "2019-06-12", "2012-12-21"),
    ("36815862599740694535", "BJB", "443621199603143902", 178779, "2019-06-12", "2012-12-21"),
    ("53367140841948678726", "SHB", "443403200906142782", 106436, "2019-06-12", "2012-12-21"),
    ("85044388617738788906", "SHB", "221621200911224556", 190955, "2019-06-12", "2012-12-21"),
    ("04034411946838050865", "AHB", "221403198707119110", 66916, "2019-06-12", "2012-12-21"),
    ("41481274157329563242", "AHB", "221403200704209077", 176272, "2019-06-12", "2012-12-21"),
    ("47649829207440510466", "BJB", "410621199004068996", 185915, "2019-06-12", "2012-12-21"),
    ("72674909777187628363", "SHB", "410403200209235078", 16324, "2019-06-12", "2012-12-21"),
    ("49841401761800822552", "BJB", "221403198402074734", 63974, "2019-06-12", "2012-12-21"),
    ("32718388341843139713", "SHB", "443621198405243523", 65169, "2019-06-12", "2012-12-21"),
    ("31099335992932274299", "AHB", "410621198807011407", 130710, "2019-06-12", "2012-12-21"),
    ("66194173833127719140", "BJB", "410621199203033794", 157098, "2019-06-12", "2012-12-21"),
    ("04491140351104407823", "SHB", "221403200812151794", 156066, "2019-06-12", "2012-12-21"),
    ("56420878448596870758", "AHB", "410621199004068996", 74384, "2019-06-12", "2012-12-21"),
    ("79236979702417433867", "BJB", "221621200911224556", 37142, "2019-06-12", "2012-12-21"),
    ("90410402170682754864", "AHB", "221403198803217246", 185632, "2019-06-12", "2012-12-21"),
    ("75426889861004003820", "BJB", "443621200503161853", 35009, "2019-06-12", "2012-12-21"),
    ("64028140982382185552", "BJB", "221403198402074734", 175507, "2019-06-12", "2012-12-21"),
    ("39787308994590392640", "SHB", "410621199902257806", 87150, "2019-06-12", "2012-12-21"),
    ("58987419788373188550", "AHB", "410403198502239605", 107531, "2019-06-12", "2012-12-21"),
    ("72362306983365492829", "SHB", "221403200704209077", 191812, "2019-06-12", "2012-12-21"),
    ("42757880741421260070", "BJB", "410403200205137845", 54481, "2019-06-12", "2012-12-21"),
    ("06328813710817463055", "SHB", "410621199902257806", 114865, "2019-06-12", "2012-12-21"),
    ("81740068795930001444", "AHB", "410403200205137845", 60545, "2019-06-12", "2012-12-21"),
    ("44638951820016791091", "BJB", "410403201008149306", 194323, "2019-06-12", "2012-12-21"),
    ("92226350318623158201", "SHB", "410403200604220460", 36866, "2019-06-12", "2012-12-21"),
    ("00268203524518735362", "AHB", "443621198405243523", 173800, "2019-06-12", "2012-12-21"),
    ("65616249965630630487", "AHB", "221621200911224556", 125032, "2019-06-12", "2012-12-21"),
    ("71524158645501057794", "AHB", "443621200503161853", 364, "2019-06-12", "2012-12-21"),
    ("88893948611963019797", "SHB", "443403200906142782", 188617, "2019-06-12", "2012-12-21"),
    ("22657568291048185378", "BJB", "221403199612267010", 98598, "2019-06-12", "2012-12-21"),
    ("70316570646311093616", "SHB", "410403199912135987", 39155, "2019-06-12", "2012-12-21"),
    ("33529172323114175884", "BJB", "443621199507283622", 100615, "2019-06-12", "2012-12-21"),
    ("97725334964306254552", "BJB", "221403199612267010", 72216, "2019-06-12", "2012-12-21"),
    ("79642055580223318430", "SHB", "410403200602056756", 180697, "2019-06-12", "2012-12-21"),
    ("27891272302401212385", "SHB", "221403200812151794", 184248, "2019-06-12", "2012-12-21"),
    ("44475564697624802990", "AHB", "410621198003211377", 164192, "2019-06-12", "2012-12-21"),
    ("00656851411236346492", "AHB", "221403200812151794", 151707, "2019-06-12", "2012-12-21"),
    ("32491945091117195010", "SHB", "410403198502239605", 163615, "2019-06-12", "2012-12-21"),
    ("15467036340362143872", "AHB", "221403199612267010", 10559, "2019-06-12", "2012-12-21"),
    ("56662355796479527897", "BJB", "410403200209235078", 63552, "2019-06-12", "2012-12-21"),
    ("47640874417533539374", "SHB", "410621199612163479", 1402, "2019-06-12", "2012-12-21"),
    ("05063660576560559982", "AHB", "410403198909022969", 145552, "2019-06-12", "2012-12-21"),
    ("41125583927967724206", "BJB", "443403199502112828", 137043, "2019-06-12", "2012-12-21"),
    ("60160549134830396592", "AHB", "443621198405243523", 186252, "2019-06-12", "2012-12-21"),
    ("87508336127014388341", "SHB", "410403200604220460", 18926, "2019-06-12", "2012-12-21"),
    ("95896834271406061925", "AHB", "410403198502239605", 94339, "2019-06-12", "2012-12-21"),
    ("82279945361435316200", "BJB", "410621199401158755", 148235, "2019-06-12", "2012-12-21"),
    ("34474323293847748950", "SHB", "443403200906142782", 111994, "2019-06-12", "2012-12-21"),
    ("88800317640360879972", "AHB", "410403199912135987", 172831, "2019-06-12", "2012-12-21"),
    ("81550514571926945346", "BJB", "410621199706040024", 180040, "2019-06-12", "2012-12-21"),
    ("78701954253244005112", "SHB", "443403198401021191", 74462, "2019-06-12", "2012-12-21"),
    ("16666064001433387623", "AHB", "410621199401158755", 167041, "2019-06-12", "2012-12-21"),
    ("50610073001622878595", "AHB", "410403199605212257", 43409, "2019-06-12", "2012-12-21"),
    ("22379745250943398828", "BJB", "410621199004068996", 28309, "2019-06-12", "2012-12-21"),
    ("79200555109734523586", "SHB", "443621200910222464", 118752, "2019-06-12", "2012-12-21"),
    ("47218005262606181671", "AHB", "410403201003121479", 11642, "2019-06-12", "2012-12-21"),
    ("88541125907059565616", "BJB", "410403201008149306", 16238, "2019-06-12", "2012-12-21"),
    ("21623632412535914110", "BJB", "221403200704209077", 103912, "2019-06-12", "2012-12-21"),
    ("09365293663200703070", "AHB", "443621198405243523", 20895, "2019-06-12", "2012-12-21"),
    ("51908984168035367645", "SHB", "221403198803217246", 85199, "2019-06-12", "2012-12-21"),
    ("78800235063784061660", "AHB", "221403198803217246", 21686, "2019-06-12", "2012-12-21"),
    ("41251667949315476797", "SHB", "410403200602056756", 97286, "2019-06-12", "2012-12-21"),
    ("42499066310375129168", "AHB", "410403198502239605", 51895, "2019-06-12", "2012-12-21"),
    ("80142624326105190812", "AHB", "443621200503161853", 35174, "2019-06-12", "2012-12-21"),
    ("14686584168413221444", "SHB", "410621199004068996", 128856, "2019-06-12", "2012-12-21"),
    ("05756354885425854763", "SHB", "443403199502112828", 128165, "2019-06-12", "2012-12-21"),
    ("89141194481606352500", "BJB", "443621200701135219", 100275, "2019-06-12", "2012-12-21"),
    ("08201281449397847110", "SHB", "410403200602056756", 56702, "2019-06-12", "2012-12-21"),
    ("60882093382345479196", "AHB", "221403198310282003", 106641, "2019-06-12", "2012-12-21"),
    ("03219699665059592635", "BJB", "410403198502239605", 80099, "2019-06-12", "2012-12-21"),
    ("20894604044741757425", "SHB", "410621200812066613", 182340, "2019-06-12", "2012-12-21"),
    ("22728593707264569053", "AHB", "443403198002265736", 191724, "2019-06-12", "2012-12-21"),
    ("60009866585814460831", "AHB", "410621199203033794", 6524, "2019-06-12", "2012-12-21"),
    ("51776837705813866661", "BJB", "443403199501240257", 126330, "2019-06-12", "2012-12-21"),
    ("26549505290632149118", "AHB", "443403199501240257", 142260, "2019-06-12", "2012-12-21"),
    ("85701348442663798696", "BJB", "410403198502239605", 88623, "2019-06-12", "2012-12-21"),
    ("93413279925506802881", "BJB", "443403200906142782", 184796, "2019-06-12", "2012-12-21"),
    ("19318256426618182564", "AHB", "443403199501240257", 157503, "2019-06-12", "2012-12-21"),
    ("68318917184931112832", "BJB", "443403198401021191", 110768, "2019-06-12", "2012-12-21"),
    ("26781345492771313624", "SHB", "443621198405243523", 55914, "2019-06-12", "2012-12-21"),
    ("54548556262356224047", "AHB", "443403199501240257", 147845, "2019-06-12", "2012-12-21"),
    ("13284180217811140748", "BJB", "410403200604220460", 158296, "2019-06-12", "2012-12-21"),
    ("72463880334392467407", "AHB", "443621199507283622", 109548, "2019-06-12", "2012-12-21"),
    ("96777085192908357475", "AHB", "443621199603143902", 70830, "2019-06-12", "2012-12-21"),
    ("20812324489577368508", "BJB", "443621199901128865", 170301, "2019-06-12", "2012-12-21"),
    ("43702410708862285200", "AHB", "410621199004068996", 83114, "2019-06-12", "2012-12-21"),
    ("30782561669239747464", "AHB", "410621199706040024", 21016, "2019-06-12", "2012-12-21"),
    ("28351918710359650874", "AHB", "410403200802041533", 29875, "2019-06-12", "2012-12-21"),
    ("18690908992227685892", "SHB", "410403201008149306", 44814, "2019-06-12", "2012-12-21"),
    ("16060944543928242076", "BJB", "410621199902257806", 79111, "2019-06-12", "2012-12-21"),
    ("10931841631588271568", "AHB", "221403200006182494", 40249, "2019-06-12", "2012-12-21"),
    ("79455493020689797509", "SHB", "410403200311109317", 27118, "2019-06-12", "2012-12-21"),
    ("54755139213529557554", "AHB", "410403200802041533", 79593, "2019-06-12", "2012-12-21"),
    ("04918742049667741501", "SHB", "410403200602056756", 162025, "2019-06-12", "2012-12-21"),
    ("73748439787672542603", "BJB", "410403200205137845", 169752, "2019-06-12", "2012-12-21"),
    ("47470936198145013445", "BJB", "410403198909022969", 91701, "2019-06-12", "2012-12-21"),
    ("96629459448174108505", "BJB", "410403200311109317", 132623, "2019-06-12", "2012-12-21"),
    ("76482016598096863651", "AHB", "221403198803217246", 158578, "2019-06-12", "2012-12-21"),
    ("98375339020724460673", "BJB", "443621199603143902", 108161, "2019-06-12", "2012-12-21"),
    ("44390764765619077604", "SHB", "443621200701135219", 86761, "2019-06-12", "2012-12-21"),
    ("62528585130963909003", "AHB", "443621199901128865", 1395, "2019-06-12", "2012-12-21"),
    ("51886832425489284519", "BJB", "443621200701135219", 184763, "2019-06-12", "2012-12-21"),
    ("01431600252555573543", "SHB", "443621200701135219", 135226, "2019-06-12", "2012-12-21"),
    ("44189531287553183643", "AHB", "443403198401021191", 85433, "2019-06-12", "2012-12-21"),
    ("59473653937658051780", "SHB", "410621198003211377", 94154, "2019-06-12", "2012-12-21"),
    ("33116049301730937916", "AHB", "443403198002265736", 141888, "2019-06-12", "2012-12-21"),
    ("65685426669545599345", "BJB", "443403199502112828", 5096, "2019-06-12", "2012-12-21"),
    ("65272760989098208201", "AHB", "221403200812151794", 113676, "2019-06-12", "2012-12-21"),
    ("75321607134197850664", "BJB", "410403200604220460", 100103, "2019-06-12", "2012-12-21"),
    ("30424288612096335591", "AHB", "443621198405243523", 11195, "2019-06-12", "2012-12-21"),
    ("11567264562957222690", "SHB", "443403199502112828", 153045, "2019-06-12", "2012-12-21"),
    ("61483244889673603474", "AHB", "443621200910222464", 13128, "2019-06-12", "2012-12-21"),
    ("71039393881290552759", "AHB", "443403200501092511", 16344, "2019-06-12", "2012-12-21"),
    ("51752144220895240321", "SHB", "410621198003211377", 134122, "2019-06-12", "2012-12-21"),
    ("75723410552876219353", "BJB", "443403199501240257", 102513, "2019-06-12", "2012-12-21"),
    ("55229728849019433022", "SHB", "443403198401021191", 4671, "2019-06-12", "2012-12-21"),
    ("07813347247028905549", "AHB", "443621199603143902", 27309, "2019-06-12", "2012-12-21"),
    ("82556279243310962738", "BJB", "410403199912135987", 93098, "2019-06-12", "2012-12-21"),
    ("95147631960205289559", "SHB", "410403200802041533", 88754, "2019-06-12", "2012-12-21"),
    ("34517430983446163772", "AHB", "443621200910222464", 39063, "2019-06-12", "2012-12-21"),
    ("06704602142842799079", "AHB", "221403200704209077", 116529, "2019-06-12", "2012-12-21"),
    ("72408354356785434083", "BJB", "410621198003211377", 150799, "2019-06-12", "2012-12-21"),
    ("55308503366747293258", "AHB", "443621200701135219", 58683, "2019-06-12", "2012-12-21"),
    ("80609654652638888964", "BJB", "410403199605212257", 143314, "2019-06-12", "2012-12-21"),
    ("04894169409861235017", "SHB", "410403199605212257", 47990, "2019-06-12", "2012-12-21"),
    ("30256468797969947413", "AHB", "410403201003121479", 125755, "2019-06-12", "2012-12-21"),
    ("37064642454294772768", "SHB", "410403198502239605", 188923, "2019-06-12", "2012-12-21"),
    ("20519395172542387563", "AHB", "410403200205137845", 128765, "2019-06-12", "2012-12-21"),
    ("28695041294097390671", "SHB", "443621200701135219", 39008, "2019-06-12", "2012-12-21"),
    ("30702861937475582188", "AHB", "410621199902257806", 76320, "2019-06-12", "2012-12-21"),
    ("08917576035562242403", "SHB", "410621200812066613", 10352, "2019-06-12", "2012-12-21"),
    ("08336249005799322527", "AHB", "410621199902257806", 34030, "2019-06-12", "2012-12-21"),
    ("60721744540801877921", "BJB", "410403199605212257", 29054, "2019-06-12", "2012-12-21"),
    ("25273230531218617511", "AHB", "410621198807011407", 184299, "2019-06-12", "2012-12-21"),
    ("82993507123658509954", "BJB", "443403198401021191", 143521, "2019-06-12", "2012-12-21"),
    ("51829740132367537065", "SHB", "410403201008149306", 59354, "2019-06-12", "2012-12-21"),
    ("28701201404952195616", "AHB", "410403201008149306", 44085, "2019-06-12", "2012-12-21"),
    ("60618873687042835741", "SHB", "443403200011135482", 67216, "2019-06-12", "2012-12-21"),
    ("08404513427696827546", "SHB", "221403200605056052", 105930, "2019-06-12", "2012-12-21"),
    ("12459835564592351160", "AHB", "443621199901128865", 3226, "2019-06-12", "2012-12-21"),
    ("81385136791463284609", "BJB", "410403200205137845", 199885, "2019-06-12", "2012-12-21"),
    ("73885873862467111637", "BJB", "221403199903262148", 51354, "2019-06-12", "2012-12-21"),
    ("26813396842124423865", "SHB", "410403200602056756", 45006, "2019-06-12", "2012-12-21"),
    ("68690898419996693651", "BJB", "410403199912135987", 158034, "2019-06-12", "2012-12-21"),
    ("30155241092083483442", "SHB", "443621200503161853", 154257, "2019-06-12", "2012-12-21"),
    ("76500462663150647175", "BJB", "410403200604220460", 30184, "2019-06-12", "2012-12-21"),
    ("27264520026234033142", "SHB", "443621198609082879", 46460, "2019-06-12", "2012-12-21"),
    ("09997175402377612685", "BJB", "410403200311109317", 100880, "2019-06-12", "2012-12-21"),
    ("38000198250389013059", "AHB", "443403200501092511", 84944, "2019-06-12", "2012-12-21"),
    ("28188391952264284831", "BJB", "443403198002265736", 78835, "2019-06-12", "2012-12-21"),
    ("39661177099934016042", "SHB", "221403200605056052", 72173, "2019-06-12", "2012-12-21"),
    ("86853871855674608245", "AHB", "410403201008149306", 139094, "2019-06-12", "2012-12-21"),
    ("24648272422658088027", "SHB", "221403198803217246", 123662, "2019-06-12", "2012-12-21"),
    ("63032957056253654363", "SHB", "410621199203033794", 59104, "2019-06-12", "2012-12-21"),
    ("65726745192347931554", "BJB", "221403198310282003", 62471, "2019-06-12", "2012-12-21"),
    ("42216163180255282191", "AHB", "410403198909022969", 75540, "2019-06-12", "2012-12-21"),
    ("27581800682904697916", "BJB", "221621200911224556", 83832, "2019-06-12", "2012-12-21"),
    ("10758630448638772980", "SHB", "443621200910222464", 35934, "2019-06-12", "2012-12-21"),
    ("62869725492403761161", "BJB", "221403200006182494", 23666, "2019-06-12", "2012-12-21"),
    ("85732193070728327275", "SHB", "410403200311109317", 107011, "2019-06-12", "2012-12-21"),
    ("06159628626719102200", "BJB", "443403200011135482", 126201, "2019-06-12", "2012-12-21"),
    ("02682853137197177778", "AHB", "221621200911224556", 189152, "2019-06-12", "2012-12-21"),
    ("52078057697953855639", "BJB", "443621200701135219", 22278, "2019-06-12", "2012-12-21"),
    ("13873228769728557329", "AHB", "221403198310282003", 70979, "2019-06-12", "2012-12-21"),
    ("22536979423982857152", "BJB", "410621198701078872", 9834, "2019-06-12", "2012-12-21"),
    ("24094696288290962354", "AHB", "221403198803217246", 88997, "2019-06-12", "2012-12-21"),
    ("31955189436053973592", "BJB", "443621200701135219", 3687, "2019-06-12", "2012-12-21"),
    ("06827661055992999181", "AHB", "221403200704209077", 157946, "2019-06-12", "2012-12-21"),
    ("66636197873532580390", "AHB", "410403199912135987", 34256, "2019-06-12", "2012-12-21"),
    ("34958711439003058157", "SHB", "221403198707119110", 138207, "2019-06-12", "2012-12-21"),
    ("96396367711469305110", "BJB", "410403201008149306", 620, "2019-06-12", "2012-12-21"),
    ("31549106062160531904", "BJB", "410621198003211377", 29375, "2019-06-12", "2012-12-21"),
    ("80692448731708104085", "BJB", "443621200503161853", 8998, "2019-06-12", "2012-12-21"),
    ("48107286224967599715", "SHB", "443621199603143902", 163325, "2019-06-12", "2012-12-21"),
    ("89385270164761178461", "SHB", "443621199901128865", 179101, "2019-06-12", "2012-12-21"),
    ("84601252476339195420", "AHB", "410403198502239605", 101087, "2019-06-12", "2012-12-21"),
    ("62454942778622110203", "BJB", "410403199912135987", 30280, "2019-06-12", "2012-12-21"),
    ("05172109110882408998", "SHB", "410403200205137845", 158193, "2019-06-12", "2012-12-21"),
    ("90449555051155312972", "BJB", "410403200604220460", 193584, "2019-06-12", "2012-12-21"),
    ("73532810912508853225", "SHB", "443621199507283622", 138907, "2019-06-12", "2012-12-21"),
    ("60478411444515715509", "BJB", "410403201008149306", 171964, "2019-06-12", "2012-12-21"),
    ("86259043851272138613", "SHB", "410621199203033794", 97061, "2019-06-12", "2012-12-21"),
    ("57961428448297351310", "AHB", "410403200802041533", 49444, "2019-06-12", "2012-12-21"),
    ("32811866110354860875", "BJB", "443621200910222464", 149643, "2019-06-12", "2012-12-21"),
    ("99248979122610193437", "SHB", "410403200802041533", 26973, "2019-06-12", "2012-12-21"),
    ("04600299683143948708", "AHB", "410403200205137845", 37946, "2019-06-12", "2012-12-21"),
    ("09643525502719357426", "AHB", "410403201008149306", 188429, "2019-06-12", "2012-12-21"),
    ("09560306806589703234", "BJB", "443621198609082879", 143556, "2019-06-12", "2012-12-21"),
    ("41934492004225652175", "SHB", "410621199401158755", 177826, "2019-06-12", "2012-12-21"),
    ("26330791877322959112", "AHB", "443403200011135482", 153871, "2019-06-12", "2012-12-21"),
    ("54430187716308999921", "BJB", "410403200209235078", 196214, "2019-06-12", "2012-12-21"),
    ("89375683696085607608", "AHB", "443403199501240257", 165316, "2019-06-12", "2012-12-21"),
    ("59034177768143801546", "BJB", "410403201008149306", 46724, "2019-06-12", "2012-12-21"),
    ("85779759069754940208", "SHB", "410621199902257806", 9124, "2019-06-12", "2012-12-21"),
    ("06834925389789385643", "SHB", "443621200503161853", 195432, "2019-06-12", "2012-12-21"),
    ("62291313226666973214", "BJB", "410403201003121479", 170121, "2019-06-12", "2012-12-21"),
    ("43670236043775814179", "AHB", "410621198102239516", 100276, "2019-06-12", "2012-12-21"),
    ("83952706275410855133", "AHB", "410621199203033794", 149670, "2019-06-12", "2012-12-21"),
    ("47165005416546611596", "SHB", "443403198002265736", 46030, "2019-06-12", "2012-12-21"),
    ("78097547161961490361", "AHB", "221621200911224556", 171753, "2019-06-12", "2012-12-21"),
    ("59751449407718352867", "BJB", "410403198909022969", 50453, "2019-06-12", "2012-12-21"),
    ("38013488214855631380", "SHB", "443403200011135482", 194455, "2019-06-12", "2012-12-21"),
    ("69072438284959256581", "AHB", "443403200906142782", 19818, "2019-06-12", "2012-12-21"),
    ("16870659517837788082", "BJB", "443621200910222464", 22026, "2019-06-12", "2012-12-21"),
    ("88882046663196799030", "SHB", "410403200802041533", 78146, "2019-06-12", "2012-12-21"),
    ("86917325132444034743", "BJB", "443621199603143902", 37101, "2019-06-12", "2012-12-21"),
    ("85134235512833631407", "SHB", "221403200812151794", 88357, "2019-06-12", "2012-12-21"),
    ("58262254280234346094", "BJB", "443403200906142782", 69799, "2019-06-12", "2012-12-21"),
    ("29967440824116860866", "SHB", "221403200704209077", 7371, "2019-06-12", "2012-12-21"),
    ("40649031126184739206", "BJB", "443403199502112828", 126871, "2019-06-12", "2012-12-21"),
    ("27634353189209040048", "SHB", "443403200011135482", 73115, "2019-06-12", "2012-12-21"),
    ("74922588827373816812", "AHB", "410403198502239605", 151758, "2019-06-12", "2012-12-21"),
    ("95553078106652849178", "BJB", "221403200704209077", 115559, "2019-06-12", "2012-12-21"),
    ("27382242413600738568", "SHB", "410621198102239516", 189432, "2019-06-12", "2012-12-21"),
    ("78486600251466457061", "BJB", "410621199902257806", 151357, "2019-06-12", "2012-12-21"),
    ("67945563674211619025", "AHB", "410621199401158755", 187580, "2019-06-12", "2012-12-21"),
    ("50301143505084610710", "SHB", "410621199401158755", 94665, "2019-06-12", "2012-12-21"),
    ("26391453180095309015", "AHB", "410403200602056756", 109721, "2019-06-12", "2012-12-21"),
    ("05639085824413924507", "BJB", "410621200812066613", 172080, "2019-06-12", "2012-12-21"),
    ("52401887460357173302", "SHB", "410403201008149306", 198868, "2019-06-12", "2012-12-21"),
    ("18568382518118671209", "BJB", "221403198402074734", 134111, "2019-06-12", "2012-12-21"),
    ("26100130447205467348", "SHB", "443621199901128865", 92106, "2019-06-12", "2012-12-21"),
    ("69746446794781883420", "BJB", "443621199901128865", 60871, "2019-06-12", "2012-12-21"),
    ("43343067639202992598", "SHB", "221403200704209077", 173600, "2019-06-12", "2012-12-21"),
    ("18639162630328842062", "SHB", "410403200802041533", 12586, "2019-06-12", "2012-12-21"),
    ("71711533544684532161", "BJB", "221621198804275299", 194790, "2019-06-12", "2012-12-21"),
    ("37267367228008890047", "SHB", "443403199502112828", 151826, "2019-06-12", "2012-12-21"),
    ("35870361936681572743", "BJB", "443403198401021191", 151880, "2019-06-12", "2012-12-21"),
    ("05415449187346668563", "SHB", "443621198609082879", 133510, "2019-06-12", "2012-12-21"),
    ("23011909605154654875", "SHB", "410403200311109317", 131862, "2019-06-12", "2012-12-21"),
    ("16980560133239622762", "AHB", "410621198003211377", 39265, "2019-06-12", "2012-12-21"),
    ("96361364667496886425", "SHB", "410403201008149306", 147218, "2019-06-12", "2012-12-21"),
    ("73030787513933496354", "BJB", "410621199401158755", 158173, "2019-06-12", "2012-12-21"),
    ("07256983427935078723", "BJB", "410621198003211377", 167005, "2019-06-12", "2012-12-21"),
    ("49151576357062915467", "SHB", "410621198003211377", 128645, "2019-06-12", "2012-12-21"),
    ("92051566008244347176", "SHB", "410403201003121479", 137714, "2019-06-12", "2012-12-21"),
    ("07534768885872761038", "BJB", "410403200602056756", 197156, "2019-06-12", "2012-12-21"),
    ("24915825171096356648", "SHB", "410403201003121479", 161493, "2019-06-12", "2012-12-21"),
    ("34140278588781019840", "AHB", "410403200205137845", 121626, "2019-06-12", "2012-12-21"),
    ("48613407089085397230", "BJB", "221403200704209077", 22960, "2019-06-12", "2012-12-21"),
    ("85171393714238770643", "AHB", "410621200812066613", 41455, "2019-06-12", "2012-12-21"),
    ("07729721153939041625", "SHB", "410621198102239516", 29734, "2019-06-12", "2012-12-21"),
    ("54700689060396633050", "AHB", "410403201008149306", 88586, "2019-06-12", "2012-12-21"),
    ("80804326693996875681", "SHB", "443403200906142782", 150464, "2019-06-12", "2012-12-21"),
    ("30370836356927186281", "SHB", "410403200604220460", 10501, "2019-06-12", "2012-12-21"),
    ("79200157693408865683", "AHB", "443403200011135482", 69496, "2019-06-12", "2012-12-21"),
    ("77149359514965246371", "BJB", "410621199612163479", 29530, "2019-06-12", "2012-12-21"),
    ("92235734797948970280", "BJB", "221403198310282003", 15321, "2019-06-12", "2012-12-21"),
    ("17884163288234977385", "SHB", "410403199605212257", 185823, "2019-06-12", "2012-12-21"),
    ("60007377954785168437", "SHB", "221403198803217246", 130803, "2019-06-12", "2012-12-21"),
    ("34533020594505756920", "SHB", "410403200205137845", 19889, "2019-06-12", "2012-12-21"),
    ("90960881306334531947", "BJB", "443403199502112828", 79533, "2019-06-12", "2012-12-21"),
    ("15308386888398452268", "SHB", "443621199507283622", 96817, "2019-06-12", "2012-12-21"),
    ("56770281357675636101", "AHB", "443403200906142782", 32010, "2019-06-12", "2012-12-21"),
    ("43592837714154251911", "SHB", "410621198807011407", 140546, "2019-06-12", "2012-12-21"),
    ("18498820504448720513", "SHB", "410403201003121479", 58693, "2019-06-12", "2012-12-21"),
    ("27629219358513940148", "BJB", "443403198401021191", 145431, "2019-06-12", "2012-12-21"),
    ("36739564386666848988", "BJB", "410403200802041533", 153275, "2019-06-12", "2012-12-21"),
    ("55418460713538684428", "SHB", "221403199903262148", 1982, "2019-06-12", "2012-12-21"),
    ("84831780584535886954", "AHB", "410621199706040024", 189090, "2019-06-12", "2012-12-21"),
    ("69004658738859431038", "BJB", "410621199902257806", 35414, "2019-06-12", "2012-12-21"),
    ("10451941942967670725", "SHB", "221403199903262148", 105242, "2019-06-12", "2012-12-21"),
    ("42822755290816126416", "AHB", "410621198701078872", 20800, "2019-06-12", "2012-12-21"),
    ("44088301824916367750", "BJB", "221403198707119110", 57403, "2019-06-12", "2012-12-21"),
    ("05810733150519187110", "SHB", "221403199612267010", 110818, "2019-06-12", "2012-12-21"),
    ("47918394413694494152", "BJB", "410621199203033794", 126508, "2019-06-12", "2012-12-21"),
    ("15986176719355157124", "SHB", "410403201003121479", 174362, "2019-06-12", "2012-12-21"),
    ("56100956687056907859", "BJB", "443621199901128865", 77819, "2019-06-12", "2012-12-21"),
    ("39887665538332506905", "SHB", "410403200602056756", 155620, "2019-06-12", "2012-12-21"),
    ("98754406340381354831", "AHB", "443621200503161853", 64206, "2019-06-12", "2012-12-21"),
    ("95418654655547309702", "BJB", "410621198701078872", 192797, "2019-06-12", "2012-12-21"),
    ("11758818830864384745", "AHB", "410403199912135987", 45175, "2019-06-12", "2012-12-21"),
    ("26554261106738793526", "BJB", "410403200602056756", 76178, "2019-06-12", "2012-12-21"),
    ("62024896042686019885", "SHB", "410403199605212257", 193748, "2019-06-12", "2012-12-21"),
    ("31077272836848072530", "BJB", "410621198003211377", 11260, "2019-06-12", "2012-12-21"),
    ("43851271725367885121", "SHB", "443403199501240257", 57729, "2019-06-12", "2012-12-21"),
    ("33104021229377496063", "BJB", "443621199507283622", 128654, "2019-06-12", "2012-12-21"),
    ("44647790705702724592", "SHB", "221403198707119110", 128653, "2019-06-12", "2012-12-21"),
    ("67838902139406125814", "AHB", "443621199901128865", 15592, "2019-06-12", "2012-12-21"),
    ("60996188185602706924", "BJB", "443621200910222464", 59508, "2019-06-12", "2012-12-21"),
    ("79640926828030897050", "SHB", "443621199901128865", 146053, "2019-06-12", "2012-12-21"),
    ("11550151844177440597", "BJB", "410403200205137845", 117367, "2019-06-12", "2012-12-21"),
    ("38087738504333154465", "BJB", "410621198102239516", 172427, "2019-06-12", "2012-12-21"),
    ("36413195631322737155", "SHB", "410403200602056756", 103066, "2019-06-12", "2012-12-21"),
    ("94148870040407101153", "SHB", "443621199603143902", 186223, "2019-06-12", "2012-12-21"),
    ("57770674363509177261", "BJB", "410621199902257806", 145454, "2019-06-12", "2012-12-21"),
    ("37183337086214523141", "SHB", "410403199605212257", 77729, "2019-06-12", "2012-12-21"),
    ("76819927554413591878", "AHB", "410621199706040024", 129330, "2019-06-12", "2012-12-21"),
    ("45936238195129988482", "AHB", "410403200311109317", 40116, "2019-06-12", "2012-12-21"),
    ("59597305757196099203", "BJB", "443403198401021191", 18221, "2019-06-12", "2012-12-21"),
    ("77859490758824775143", "SHB", "443621198609082879", 9593, "2019-06-12", "2012-12-21"),
    ("49404197268267646840", "SHB", "221621198804275299", 86374, "2019-06-12", "2012-12-21"),
    ("25562582533977093120", "AHB", "443403199501240257", 150927, "2019-06-12", "2012-12-21"),
    ("77774425475917721215", "BJB", "443621200503161853", 79004, "2019-06-12", "2012-12-21"),
    ("05266225774294041208", "SHB", "443621200910222464", 4057, "2019-06-12", "2012-12-21"),
    ("33988457001225701608", "SHB", "221403198310282003", 93103, "2019-06-12", "2012-12-21"),
    ("56789041270174519472", "BJB", "410403201003121479", 181356, "2019-06-12", "2012-12-21"),
    ("39639660636788073278", "SHB", "221403200605056052", 171365, "2019-06-12", "2012-12-21"),
    ("85281187055779097219", "AHB", "221403198803217246", 109732, "2019-06-12", "2012-12-21"),
    ("38786706400208529457", "BJB", "443621198405243523", 76876, "2019-06-12", "2012-12-21"),
    ("11339538918404608242", "SHB", "410621199706040024", 126640, "2019-06-12", "2012-12-21"),
    ("54483961768105516304", "SHB", "443621199507283622", 78611, "2019-06-12", "2012-12-21"),
    ("71187469304939514015", "AHB", "221403198310282003", 198940, "2019-06-12", "2012-12-21"),
    ("17291811748346225718", "BJB", "443621198405243523", 46376, "2019-06-12", "2012-12-21"),
    ("40605255860866841202", "SHB", "410403200604220460", 83201, "2019-06-12", "2012-12-21"),
    ("05547100993413056430", "BJB", "410403199605212257", 142158, "2019-06-12", "2012-12-21"),
    ("37417868680608028100", "SHB", "410403201008149306", 48919, "2019-06-12", "2012-12-21"),
    ("73727868621418244693", "SHB", "221403198803217246", 143239, "2019-06-12", "2012-12-21"),
    ("49225297712625863707", "SHB", "410621199902257806", 198171, "2019-06-12", "2012-12-21");

insert into customer (customID, customPhone, customAddress, customName, relName, relPhone, relEmail, relRelation) values
    ("221621200208054464", "1384254842334", "±±æ©", "ÀŒ…œ", "Œ¬ø≠", "1735289334734", "wingok@gmail.com", "√√√√"),
    ("443403200004069265", "1380451512321", "…œ∫£", "¿Ó¥Û…Ω", "’‘‘Û", "1587836639414", "kitebest@163.com", "√√√√"),
    ("221403198702264266", "1884539689635", "…œ∫£", "∫˙¥Û…Ω", "¿◊¡¡", "1589202040601", "kiteer@gmail.com", "∏Á∏Á"),
    ("443621198604232224", "1382622687883", "±±æ©", "¿Ó‘∂", "«Æ–°≈£", "1730500757719", "bob0@163.com", "Ω„Ω„"),
    ("221621199909105281", "1738364706930", "÷£÷›", "¿Ó…œ", "Õı‘∂", "1581412665538", "wingbest@outlook.com", "µ‹µ‹"),
    ("443403200211103296", "1386166970621", "∫œ∑ ", "’‘ ˜", "’≈¡¡", "1888151477066", "flyok@hotmail.com", "Ω„Ω„"),
    ("221621199412205296", "1381099816164", "÷£÷›", "ÀŒ¥Û…Ω", "∫˙ ˜", "1588662934020", "flower@hotmail.com", "µ‹µ‹"),
    ("221621199303267938", "1367329760863", "÷£÷›", "ÀŒ‘¥", "’≈‘∂", "1368789806673", "kiteer@163.com", "Ω„Ω„"),
    ("443621199210037173", "1361759989912", "∫œ∑ ", "ÀŒ¥Û…Ω", "∫˙ø≠", "1882507093139", "kiteok@163.com", "√√√√"),
    ("410403200906050947", "1739954404722", "∫œ∑ ", "Œ‚∑…", "ÀŒ¥Û…Ω", "1737896789207", "flows@hotmail.com", "Ω„Ω„"),
    ("410403200906054901", "1360095752883", "÷£÷›", "ÀŒ‘¥", "’‘ø≠", "1362527107183", "cents@hotmail.com", "µ‹µ‹"),
    ("221621198803267630", "1382328318911", "÷£÷›", "’≈‘∂", "Œ¬‘¥", "1737529124422", "centbest@gmail.com", "Ω„Ω„"),
    ("221403200702145212", "1580024772526", "∫œ∑ ", "∫˙ÃÏ¿÷", "ÀŒø≠", "1384185255422", "flowok@hotmail.com", "∏Á∏Á"),
    ("221403200306055188", "1881054271816", "÷£÷›", "∫˙‘¥", "ÕıœÎ", "1888375377174", "wing0@gmail.com", "Ω„Ω„"),
    ("221403199608156572", "1880176733618", "∫œ∑ ", "«Æ‘¥", "¿◊ø≠", "1368689596047", "center@outlook.com", "√√√√"),
    ("410403198706244406", "1583044054135", "∫œ∑ ", "ÀŒ…œ", "Õı¡¡", "1887556087833", "flower@163.com", "∏Á∏Á"),
    ("221403199909186085", "1734620172696", "…œ∫£", "¿◊∑…", "ÀŒ∑…", "1731943205789", "centok@gmail.com", "Ω„Ω„"),
    ("410403199309256501", "1587518012418", "∫œ∑ ", "’≈ø≠", "ÀŒ…œ", "1583187443827", "bobok@hotmail.com", "Ω„Ω„"),
    ("221621201005082748", "1389321406780", "…œ∫£", "Œ¬œÎ", "ÀŒ¡¡", "1730865530078", "bobbest@163.com", "ƒ∏«◊"),
    ("410621200210269155", "1389333041422", "÷£÷›", "’‘¡¡", "¿Ó…œ", "1363845476628", "wingbest@outlook.com", "∏Á∏Á"),
    ("221621199911227896", "1739852807451", "÷£÷›", "’≈“ª√˘", "Œ¬∑…", "1587180650719", "bobs@163.com", "∏Á∏Á"),
    ("443403198511054911", "1361445391942", "±±æ©", "’‘«Â", "’‘‘∂", "1739566520205", "wingbest@outlook.com", "≈‰≈º"),
    ("410403198610259786", "1386895045434", "Œ‰∫∫", "ÕıÃÏ¿÷", "¿◊‘Û", "1889520793084", "cents@gmail.com", "µ‹µ‹"),
    ("410621198903035546", "1381953688500", "Œ‰∫∫", "’≈–°≈£", "’‘ ˜", "1382174251038", "bobs@outlook.com", "∏Á∏Á"),
    ("443621198801194903", "1730894228929", "…œ∫£", "ÀŒ ˜", "Œ‚…œ", "1583215260992", "flower@hotmail.com", "√√√√"),
    ("443403200412051860", "1388949482857", "±±æ©", "¿ÓÃÏ¿÷", "Œ¬ø≠", "1580087933725", "kites@outlook.com", "∏Á∏Á"),
    ("410621199605243763", "1737025005690", "±±æ©", "ÀŒ–°≈£", "’≈‘¥", "1361381528796", "fly0@gmail.com", "ƒ∏«◊"),
    ("410403200006189779", "1380515919820", "÷£÷›", "Œ¬‘¥", "Œ‚¥Û…Ω", "1383844922063", "flys@outlook.com", "∏∏«◊"),
    ("221403199701165118", "1737831111403", "…œ∫£", "«Æ¡¡", "∫˙¡¡", "1369641486425", "flyok@163.com", "∏∏«◊"),
    ("410403198908112121", "1585634722191", "±±æ©", "¿Ó∑…", "Œ¬ ˜", "1738062214477", "cents@163.com", "µ‹µ‹"),
    ("443403200006177077", "1730690463499", "Œ‰∫∫", "’≈ÃÏ¿÷", "’‘«Â", "1383460731998", "winger@hotmail.com", "µ‹µ‹"),
    ("221621201008014661", "1385868575692", "Œ‰∫∫", "¿Ó¥Û…Ω", "«Æ–°≈£", "1361945910631", "bobs@163.com", "∏∏«◊"),
    ("221403198610242749", "1386743954043", "…œ∫£", "Œ¬‘∂", "∫˙«Â", "1363483422811", "bober@outlook.com", "√√√√"),
    ("410403199705013602", "1730330656719", "…œ∫£", "¿◊¥Û…Ω", "Œ‚œÎ", "1362607632389", "flows@163.com", "µ‹µ‹"),
    ("443403199612017706", "1363188587587", "∫œ∑ ", "¿◊∑…", "Œ¬¥Û…Ω", "1738191501770", "kitebest@hotmail.com", "µ‹µ‹"),
    ("410403200805054031", "1884455989525", "…œ∫£", "ÀŒœÎ", "¿Ó‘∂", "1738902185904", "kites@hotmail.com", "ƒ∏«◊"),
    ("443621200406019981", "1732561111917", "Œ‰∫∫", "’≈“ª√˘", "’≈ ˜", "1732269436773", "flowok@gmail.com", "µ‹µ‹"),
    ("221403199605036001", "1360584792365", "∫œ∑ ", "Œ¬…œ", "Õı∑…", "1384035384870", "cents@gmail.com", "µ‹µ‹"),
    ("410403200012197000", "1362919855865", "±±æ©", "ÀŒ ˜", "Õı«Â", "1385562145906", "wing0@163.com", "√√√√"),
    ("410403198101272779", "1385678273005", "÷£÷›", "’≈‘Û", "ÀŒ«Â", "1880141455839", "flyok@163.com", "Ω„Ω„"),
    ("410403198911117861", "1361725474176", "÷£÷›", "¿Ó“ª√˘", "’‘ ˜", "1582682160597", "centbest@hotmail.com", "∏Á∏Á"),
    ("221621200810032121", "1732210393603", "∫œ∑ ", "«Æ…œ", "¿ÓÃÏ¿÷", "1363505284833", "flyok@outlook.com", "∏∏«◊"),
    ("443621199702029603", "1737719427339", "…œ∫£", "’≈“ª√˘", "Œ¬œÎ", "1739132339841", "flowok@gmail.com", "ƒ∏«◊"),
    ("443403200503013205", "1585721627561", "…œ∫£", "ÀŒ“ª√˘", "’‘œÎ", "1732462330443", "kiteer@outlook.com", "Ω„Ω„"),
    ("443403199306274728", "1585688423220", "Œ‰∫∫", "Œ¬“ª√˘", "∫˙«Â", "1362283445283", "bob0@gmail.com", "∏∏«◊"),
    ("410403199807022186", "1580525472875", "Œ‰∫∫", "¿Ó‘Û", "¿Ó‘∂", "1586399183958", "bob0@gmail.com", "ƒ∏«◊"),
    ("410403198812167797", "1361821784676", "÷£÷›", "∫˙…œ", "¿Ó∑…", "1369361819190", "flowbest@gmail.com", "√√√√"),
    ("221621200504196553", "1388084680377", "∫œ∑ ", "¿◊‘∂", "¿◊«Â", "1739203340039", "flowok@163.com", "√√√√"),
    ("443621200302110386", "1731114794329", "…œ∫£", "«Æ∑…", "«Æ‘¥", "1586229708440", "flowok@gmail.com", "µ‹µ‹"),
    ("221621199503032835", "1361819541298", "÷£÷›", "’‘ ˜", "ÀŒ‘∂", "1368232244761", "wing0@gmail.com", "µ‹µ‹"),
    ("410403198905106385", "1581845703476", "∫œ∑ ", "’‘ø≠", "¿◊‘¥", "1362890554711", "wingbest@outlook.com", "∏Á∏Á"),
    ("410403198807279677", "1733709990426", "±±æ©", "¿◊ ˜", "ÀŒ‘Û", "1736615955840", "flyer@hotmail.com", "≈‰≈º"),
    ("221621200503150200", "1386541431960", "±±æ©", "«Æ–°≈£", "’‘ø≠", "1734883908621", "wing0@163.com", "ƒ∏«◊"),
    ("410403198010067261", "1363077680229", "…œ∫£", "¿Ó∑…", "¿◊«Â", "1733376640686", "flys@hotmail.com", "∏Á∏Á"),
    ("221621200408079089", "1586537634444", "÷£÷›", "ÀŒœÎ", "’‘ÃÏ¿÷", "1734385833665", "fly0@hotmail.com", "≈‰≈º"),
    ("410403199804195990", "1738631881775", "±±æ©", "’≈œÎ", "Œ¬∑…", "1381716469658", "wings@outlook.com", "µ‹µ‹"),
    ("443621201008030553", "1382204001470", "∫œ∑ ", "’‘ ˜", "∫˙¥Û…Ω", "1880260641092", "flybest@gmail.com", "≈‰≈º"),
    ("221403198111243183", "1365191801664", "…œ∫£", "¿Ó‘∂", "ÀŒ“ª√˘", "1364587915885", "wingbest@163.com", "µ‹µ‹"),
    ("410403199110191595", "1366645627613", "…œ∫£", "Õı‘¥", "∫˙“ª√˘", "1369355161162", "kite0@outlook.com", "≈‰≈º"),
    ("443621198012016814", "1382353938927", "…œ∫£", "’≈‘Û", "Œ¬¥Û…Ω", "1387705649400", "centok@gmail.com", "µ‹µ‹"),
    ("410403199009074804", "1587976259358", "Œ‰∫∫", "’≈ÃÏ¿÷", "¿Ó–°≈£", "1734214954667", "center@outlook.com", "µ‹µ‹"),
    ("410403200910194291", "1369003908093", "÷£÷›", "¿Ó‘¥", "’≈“ª√˘", "1886200209534", "cent0@outlook.com", "∏∏«◊"),
    ("410621199305105447", "1739469260527", "Œ‰∫∫", "¿Ó“ª√˘", "Œ‚‘¥", "1368106714277", "flys@hotmail.com", "≈‰≈º"),
    ("221403200807132831", "1887630990944", "±±æ©", "¿Ó…œ", "’‘∑…", "1588335415252", "kiteer@outlook.com", "√√√√"),
    ("410621198207048577", "1882713649515", "±±æ©", "Õı∑…", "Œ‚ ˜", "1583409144804", "bob0@163.com", "∏∏«◊"),
    ("221621198401013931", "1367958827937", "Œ‰∫∫", "Œ‚¡¡", "ÀŒ“ª√˘", "1381927442694", "bober@gmail.com", "≈‰≈º"),
    ("443403199912241146", "1731660019118", "∫œ∑ ", "’≈–°≈£", "’‘‘∂", "1737010705437", "centbest@gmail.com", "Ω„Ω„"),
    ("221621200308085814", "1389868115412", "∫œ∑ ", "ÀŒ–°≈£", "¿◊‘∂", "1581960908208", "wingbest@outlook.com", "∏∏«◊"),
    ("410403199312215294", "1367516765974", "±±æ©", "ÕıÃÏ¿÷", "’‘∑…", "1733944873802", "flyok@gmail.com", "Ω„Ω„"),
    ("221403198008148429", "1382973031316", "…œ∫£", "’≈ÃÏ¿÷", "¿◊…œ", "1731801845248", "bob0@outlook.com", "∏Á∏Á"),
    ("221621198805257598", "1887333122885", "Œ‰∫∫", "¿◊∑…", "’≈œÎ", "1580599091373", "centok@outlook.com", "µ‹µ‹"),
    ("410621201002125313", "1884177330579", "Œ‰∫∫", "Õı¡¡", "’‘ÃÏ¿÷", "1587758892054", "kiteok@outlook.com", "∏Á∏Á"),
    ("221403198405073451", "1366891870043", "∫œ∑ ", "’≈…œ", "¿Ó‘¥", "1388842389219", "flowok@hotmail.com", "Ω„Ω„"),
    ("410403198012066307", "1889591555040", "∫œ∑ ", "Õı∑…", "’‘ø≠", "1589952973454", "bobs@hotmail.com", "ƒ∏«◊"),
    ("221403201004044340", "1735177132254", "…œ∫£", "Œ‚‘Û", "«Æ ˜", "1382085363069", "winger@gmail.com", "∏Á∏Á"),
    ("443621199910183503", "1886356368052", "Œ‰∫∫", "Œ‚‘¥", "«Æ∑…", "1886793456076", "flys@outlook.com", "µ‹µ‹"),
    ("221403200409234374", "1387520628386", "∫œ∑ ", "’≈‘Û", "Œ‚…œ", "1589404474209", "wingok@hotmail.com", "√√√√"),
    ("410403200508148475", "1739232393640", "÷£÷›", "Œ¬ ˜", "Œ¬…œ", "1733580402107", "winger@outlook.com", "µ‹µ‹"),
    ("221621201001185043", "1588775106539", "…œ∫£", "’‘¥Û…Ω", "Õı ˜", "1736532089283", "wings@163.com", "∏∏«◊"),
    ("410621198605093279", "1580635796412", "Œ‰∫∫", "¿Ó‘¥", "∫˙ø≠", "1389831705288", "centok@gmail.com", "≈‰≈º"),
    ("410403199906128961", "1880243327896", "±±æ©", "’‘…œ", "«Æ¡¡", "1733673078751", "flower@hotmail.com", "Ω„Ω„"),
    ("410621199108128402", "1737076690140", "Œ‰∫∫", "’‘œÎ", "¿◊ ˜", "1368424166101", "wings@163.com", "Ω„Ω„"),
    ("410403199112041433", "1368838109665", "÷£÷›", "ÀŒœÎ", "’‘¥Û…Ω", "1886356678397", "cent0@163.com", "√√√√"),
    ("443403198405117725", "1738058443180", "…œ∫£", "’≈‘∂", "∫˙‘∂", "1363494763595", "bober@163.com", "∏∏«◊"),
    ("410621199103066589", "1389540523613", "÷£÷›", "Œ‚‘¥", "«ÆœÎ", "1882048984254", "kiteok@hotmail.com", "≈‰≈º"),
    ("443621200309251122", "1585636149268", "±±æ©", "ÕıœÎ", "«Æ¡¡", "1380042592005", "winger@gmail.com", "√√√√"),
    ("221403198507032389", "1367182505201", "÷£÷›", "Œ¬¡¡", "Œ¬ÃÏ¿÷", "1880857743963", "flys@outlook.com", "√√√√"),
    ("410621198511181232", "1389874384814", "Œ‰∫∫", "’≈ ˜", "Œ‚¥Û…Ω", "1732694851104", "center@163.com", "ƒ∏«◊"),
    ("410621200309197836", "1585955348543", "Œ‰∫∫", "ÀŒ¥Û…Ω", "ÀŒ¥Û…Ω", "1385589838283", "flows@hotmail.com", "≈‰≈º"),
    ("221621200305079510", "1880455834031", "…œ∫£", "«Æ…œ", "∫˙¥Û…Ω", "1885304046534", "wingok@gmail.com", "√√√√"),
    ("221621200202206724", "1885860565782", "±±æ©", "«Æ‘∂", "¿Ó‘Û", "1381832647054", "centok@outlook.com", "∏Á∏Á"),
    ("410403200805039137", "1589527952769", "±±æ©", "Õı“ª√˘", "¿Ó¥Û…Ω", "1381592245294", "center@gmail.com", "µ‹µ‹"),
    ("410621199709026628", "1884755128829", "Œ‰∫∫", "«ÆÃÏ¿÷", "∫˙‘¥", "1360898362291", "bobok@hotmail.com", "≈‰≈º"),
    ("221621198307214002", "1587209849405", "÷£÷›", "’‘‘Û", "ÀŒœÎ", "1734311190075", "bober@hotmail.com", "∏Á∏Á"),
    ("221621199812225242", "1735298832502", "Œ‰∫∫", "¿◊“ª√˘", "¿◊“ª√˘", "1360576403465", "bobs@163.com", "√√√√"),
    ("221403200111173626", "1885661333056", "±±æ©", "’‘ÃÏ¿÷", "ÀŒ‘∂", "1588445202705", "cents@outlook.com", "Ω„Ω„"),
    ("410403200203264927", "1584565626306", "÷£÷›", "’≈«Â", "¿◊‘Û", "1385209375495", "kiteok@hotmail.com", "Ω„Ω„"),
    ("221621199607236450", "1364521979525", "÷£÷›", "¿◊‘∂", "’‘‘∂", "1731736021990", "winger@163.com", "µ‹µ‹"),
    ("443403200809166654", "1735422489004", "…œ∫£", "ÀŒ‘Û", "¿◊‘Û", "1589123523964", "flowok@163.com", "∏Á∏Á"),
    ("410621200408227945", "1583849905755", "…œ∫£", "Õı ˜", "¿Ó‘∂", "1361916058112", "bobs@outlook.com", "∏Á∏Á"),
    ("410621200109090106", "1732040226407", "÷£÷›", "Õı¥Û…Ω", "«Æ–°≈£", "1382428493106", "flys@hotmail.com", "µ‹µ‹"),
    ("410621198006283675", "1885314509187", "Œ‰∫∫", "’≈‘¥", "¿ÓÃÏ¿÷", "1737868052378", "centok@gmail.com", "∏∏«◊"),
    ("221621200611265738", "1589517316223", "∫œ∑ ", "’‘«Â", "Õı¡¡", "1384690208871", "flow0@gmail.com", "∏∏«◊"),
    ("443403198201028315", "1580193610429", "∫œ∑ ", "¿◊‘∂", "Œ¬ ˜", "1733014430924", "kitebest@hotmail.com", "≈‰≈º"),
    ("221403199712120131", "1731484329365", "…œ∫£", "ÕıÃÏ¿÷", "¿Ó∑…", "1887753019158", "centbest@outlook.com", "∏∏«◊"),
    ("443621201009232852", "1388738924298", "±±æ©", "Œ¬œÎ", "∫˙‘Û", "1887639827451", "flow0@outlook.com", "µ‹µ‹"),
    ("410621199008159963", "1733456080883", "∫œ∑ ", "’≈‘∂", "’≈¡¡", "1361826732468", "wing0@outlook.com", "∏∏«◊"),
    ("443621198501086461", "1882302128899", "±±æ©", "Õı‘Û", "Œ‚«Â", "1362969783686", "bobbest@163.com", "∏∏«◊"),
    ("410403198208146624", "1737497980761", "±±æ©", "’‘ÃÏ¿÷", "«Æ–°≈£", "1384780169819", "center@outlook.com", "ƒ∏«◊"),
    ("221403200705272442", "1581092831741", "Œ‰∫∫", "’≈‘Û", "’≈¡¡", "1367558275426", "flybest@163.com", "≈‰≈º"),
    ("221621198805157432", "1589713927799", "±±æ©", "Œ¬ø≠", "Õı“ª√˘", "1385422769144", "flyer@gmail.com", "∏Á∏Á"),
    ("410621198912189002", "1384563026717", "±±æ©", "∫˙“ª√˘", "¿◊ø≠", "1387128388336", "wingbest@outlook.com", "Ω„Ω„"),
    ("410403200005022374", "1885189717109", "…œ∫£", "Õı∑…", "«Æ‘Û", "1885462395184", "cents@gmail.com", "≈‰≈º"),
    ("221403200412018245", "1881065590343", "±±æ©", "¿◊ ˜", "¿◊“ª√˘", "1365860861089", "fly0@163.com", "µ‹µ‹"),
    ("221403198401133416", "1587853959495", "…œ∫£", "¿◊“ª√˘", "¿Ó«Â", "1883290806614", "cents@gmail.com", "∏∏«◊"),
    ("221621198307274963", "1367273750657", "Œ‰∫∫", "¿◊∑…", "’‘‘¥", "1733058167894", "flyer@hotmail.com", "∏Á∏Á"),
    ("221403200110109464", "1383574265934", "÷£÷›", "’‘ÃÏ¿÷", "¿Ó ˜", "1736214400749", "bob0@hotmail.com", "∏Á∏Á"),
    ("221621200201255098", "1387968549312", "∫œ∑ ", "¿Ó¥Û…Ω", "Œ‚–°≈£", "1383163385466", "bober@gmail.com", "√√√√"),
    ("410621198608028620", "1889250156588", "…œ∫£", "¿◊‘Û", "Œ‚ÃÏ¿÷", "1886828401906", "wingbest@gmail.com", "Ω„Ω„"),
    ("443403198107241160", "1731866638029", "Œ‰∫∫", "Œ¬ø≠", "ÀŒ∑…", "1386979528522", "cent0@hotmail.com", "∏∏«◊"),
    ("410621198310246715", "1882101893339", "±±æ©", "Õı–°≈£", "«Æ¥Û…Ω", "1362848531195", "center@gmail.com", "µ‹µ‹"),
    ("221621200202051408", "1382050678209", "…œ∫£", "’‘‘Û", "«Æ∑…", "1580429087388", "wing0@hotmail.com", "Ω„Ω„"),
    ("221403200807113953", "1584108455745", "÷£÷›", "’≈ø≠", "«Æ…œ", "1881225115358", "flow0@gmail.com", "∏∏«◊"),
    ("410621198302219752", "1583325989749", "±±æ©", "Œ‚¡¡", "Œ¬ÃÏ¿÷", "1581715753812", "flowok@hotmail.com", "∏Á∏Á"),
    ("443403200803027463", "1581019267319", "Œ‰∫∫", "Œ¬¡¡", "¿Ó“ª√˘", "1367150621662", "flybest@hotmail.com", "∏Á∏Á"),
    ("443621200803202384", "1736343670343", "Œ‰∫∫", "ÀŒ ˜", "¿Ó“ª√˘", "1362412110103", "flowok@gmail.com", "ƒ∏«◊"),
    ("410621198104022298", "1888218339088", "÷£÷›", "¿Ó¡¡", "¿Ó«Â", "1730129696375", "wings@hotmail.com", "ƒ∏«◊"),
    ("221621199210119080", "1735851480480", "∫œ∑ ", "¿Ó…œ", "∫˙ÃÏ¿÷", "1734858666808", "winger@163.com", "√√√√"),
    ("443403200101287786", "1387390173093", "∫œ∑ ", "∫˙‘Û", "ÀŒœÎ", "1389119916566", "centok@hotmail.com", "∏Á∏Á"),
    ("221621198512038430", "1883864035267", "÷£÷›", "¿Ó¥Û…Ω", "¿◊ø≠", "1735353267495", "wing0@hotmail.com", "∏∏«◊"),
    ("443403199102184997", "1387011891347", "…œ∫£", "¿Ó‘Û", "Œ¬∑…", "1731287208727", "kites@hotmail.com", "µ‹µ‹"),
    ("443403200109050090", "1585156885082", "÷£÷›", "’‘“ª√˘", "«Æ ˜", "1381585721160", "flowbest@hotmail.com", "∏∏«◊"),
    ("410403200907153418", "1361785715957", "÷£÷›", "’‘∑…", "Œ¬‘¥", "1732509650094", "flower@163.com", "ƒ∏«◊"),
    ("443621198607247256", "1388909973586", "±±æ©", "Õı ˜", "«Æ∑…", "1388464833475", "flys@gmail.com", "∏Á∏Á"),
    ("410621198110214044", "1884791089440", "±±æ©", "¿◊“ª√˘", "Œ¬¡¡", "1730687072566", "center@163.com", "√√√√"),
    ("443403199902052336", "1381603249852", "±±æ©", "’≈‘∂", "Œ‚œÎ", "1887398747943", "kitebest@gmail.com", "∏∏«◊"),
    ("221621199902083299", "1737363349333", "…œ∫£", "Œ¬œÎ", "Œ¬ÃÏ¿÷", "1587217283189", "bober@gmail.com", "Ω„Ω„"),
    ("410621200404154763", "1389954816034", "∫œ∑ ", "ÀŒ‘∂", "∫˙…œ", "1581821233287", "flowok@163.com", "√√√√"),
    ("221403198806106179", "1362449739503", "Œ‰∫∫", "’‘¥Û…Ω", "Œ¬¥Û…Ω", "1381879502834", "wingok@outlook.com", "√√√√"),
    ("443621200311146277", "1583582143956", "±±æ©", "Õıø≠", "Õı“ª√˘", "1368779184148", "flyok@outlook.com", "µ‹µ‹"),
    ("410403198304176369", "1363977164947", "∫œ∑ ", "’≈¡¡", "«ÆÃÏ¿÷", "1888580590966", "flys@hotmail.com", "√√√√"),
    ("443621198909273913", "1588090394307", "…œ∫£", "∫˙…œ", "«Æ‘¥", "1580484000050", "flybest@163.com", "ƒ∏«◊"),
    ("443621200108206099", "1737972983255", "÷£÷›", "ÀŒ‘Û", "∫˙ø≠", "1733825075763", "centbest@gmail.com", "√√√√"),
    ("410403198707071435", "1382384240874", "÷£÷›", "∫˙ø≠", "’≈…œ", "1887014801954", "wings@163.com", "≈‰≈º"),
    ("221621200502025779", "1363287122493", "∫œ∑ ", "Õı‘Û", "¿◊‘∂", "1880399179541", "flybest@hotmail.com", "ƒ∏«◊"),
    ("221621199101160877", "1735743112651", "Œ‰∫∫", "Õı¥Û…Ω", "Œ‚…œ", "1737858077480", "bobbest@hotmail.com", "∏∏«◊"),
    ("443621200402082420", "1882716701730", "…œ∫£", "«ÆœÎ", "Œ¬‘∂", "1363368528657", "winger@163.com", "≈‰≈º"),
    ("443621199404183600", "1887593571686", "±±æ©", "¿◊ÃÏ¿÷", "’‘¥Û…Ω", "1733032964422", "bobbest@163.com", "√√√√"),
    ("410403199809135496", "1585417988255", "∫œ∑ ", "¿Ó¥Û…Ω", "¿Ó¡¡", "1383481659890", "flows@outlook.com", "∏Á∏Á"),
    ("410403200208090426", "1739445653147", "±±æ©", "ÕıœÎ", "ÀŒ«Â", "1368696124997", "flowbest@163.com", "∏Á∏Á"),
    ("221403198907275530", "1880106560662", "…œ∫£", "Œ‚‘∂", "ÀŒ«Â", "1361575594199", "flyok@gmail.com", "ƒ∏«◊"),
    ("221403199712107272", "1735673524393", "±±æ©", "«Æ‘Û", "’≈œÎ", "1386908976931", "kiteok@gmail.com", "∏Á∏Á"),
    ("443403200912163551", "1367344574092", "∫œ∑ ", "’‘“ª√˘", "∫˙‘∂", "1583218069706", "kiteer@hotmail.com", "≈‰≈º"),
    ("443403198512045015", "1383887607288", "Œ‰∫∫", "∫˙‘∂", "Õı«Â", "1882956386551", "bober@hotmail.com", "Ω„Ω„"),
    ("221403200509160055", "1586763968892", "∫œ∑ ", "Õı∑…", "∫˙ ˜", "1385638047375", "fly0@163.com", "√√√√"),
    ("443403198110023490", "1730647904084", "÷£÷›", "¿Ó…œ", "¿◊¥Û…Ω", "1366430640156", "kite0@gmail.com", "∏Á∏Á"),
    ("410621200512095257", "1364111809811", "…œ∫£", "«Æ¥Û…Ω", "¿◊ ˜", "1585717684537", "bobs@163.com", "µ‹µ‹"),
    ("410621198110022904", "1583322392718", "…œ∫£", "¿Ó“ª√˘", "«Æ¥Û…Ω", "1580733566049", "flyer@gmail.com", "Ω„Ω„"),
    ("443621200601136421", "1382105385318", "∫œ∑ ", "Œ¬“ª√˘", "Œ‚¥Û…Ω", "1380847994442", "flys@gmail.com", "≈‰≈º"),
    ("410403199701082563", "1587772063565", "÷£÷›", "ÀŒ¡¡", "¿Ó–°≈£", "1883883975251", "flowok@outlook.com", "Ω„Ω„"),
    ("221403200706045120", "1367495009517", "÷£÷›", "Œ¬ ˜", "¿Ó“ª√˘", "1735407729260", "kites@163.com", "√√√√"),
    ("221621199606173272", "1386549489734", "±±æ©", "∫˙∑…", "∫˙ø≠", "1383528916865", "cent0@hotmail.com", "Ω„Ω„"),
    ("221621199101220563", "1368803904150", "Œ‰∫∫", "’‘…œ", "’≈«Â", "1384766387146", "cent0@hotmail.com", "∏∏«◊"),
    ("410621200612077327", "1380011952262", "…œ∫£", "ÀŒ‘∂", "¿◊ ˜", "1365425467159", "bobok@hotmail.com", "≈‰≈º"),
    ("221403199307151570", "1731545622804", "Œ‰∫∫", "«Æ‘¥", "¿◊œÎ", "1380403436929", "kites@gmail.com", "∏∏«◊"),
    ("410403199408124183", "1884796901607", "…œ∫£", "Œ¬∑…", "Õı…œ", "1385581597279", "cent0@hotmail.com", "∏Á∏Á"),
    ("443403198612167869", "1882812366816", "∫œ∑ ", "Õı‘∂", "¿◊‘∂", "1731190342991", "flow0@hotmail.com", "∏Á∏Á"),
    ("410403200609063075", "1738069444281", "Œ‰∫∫", "’‘«Â", "∫˙–°≈£", "1732448710248", "cent0@outlook.com", "√√√√"),
    ("443621198304118165", "1367597326065", "±±æ©", "Œ¬…œ", "«Æø≠", "1584591937882", "bobbest@outlook.com", "Ω„Ω„"),
    ("221403198905035420", "1388462305287", "…œ∫£", "’‘œÎ", "Œ¬ ˜", "1382626387947", "flowbest@hotmail.com", "∏∏«◊"),
    ("221621199803275659", "1361534531214", "…œ∫£", "¿Ó…œ", "’≈‘¥", "1588804995514", "kiteok@hotmail.com", "∏Á∏Á"),
    ("221621199703081886", "1382699409698", "∫œ∑ ", "«Æ∑…", "’≈∑…", "1882937688516", "centbest@outlook.com", "µ‹µ‹"),
    ("221621198101269982", "1736090648868", "Œ‰∫∫", "¿◊¡¡", "«Æ¥Û…Ω", "1736865735904", "wings@gmail.com", "Ω„Ω„"),
    ("443621200602011971", "1739458922832", "÷£÷›", "ÀŒ∑…", "¿ÓÃÏ¿÷", "1882487046294", "kiteer@hotmail.com", "≈‰≈º"),
    ("221621198807035898", "1586937657485", "∫œ∑ ", "¿◊…œ", "’‘ ˜", "1882274330320", "kites@gmail.com", "ƒ∏«◊"),
    ("410403198904096622", "1360266810874", "÷£÷›", "’‘…œ", "¿◊…œ", "1738336494857", "winger@hotmail.com", "∏Á∏Á"),
    ("221403199606022992", "1589297247492", "Œ‰∫∫", "’‘«Â", "∫˙ ˜", "1583718347430", "bobok@163.com", "∏Á∏Á"),
    ("443403200201030419", "1733589968503", "Œ‰∫∫", "Œ‚¥Û…Ω", "’‘ø≠", "1880765839064", "flys@hotmail.com", "√√√√"),
    ("410621198302077775", "1380147054924", "∫œ∑ ", "’≈«Â", "Œ¬ÃÏ¿÷", "1361491628407", "bobs@163.com", "ƒ∏«◊"),
    ("443621200306269035", "1586342324221", "±±æ©", "Œ¬«Â", "∫˙ÃÏ¿÷", "1363626702313", "center@gmail.com", "∏Á∏Á"),
    ("410621199301281072", "1388618860752", "…œ∫£", "’‘«Â", "∫˙“ª√˘", "1880410194727", "flowbest@outlook.com", "µ‹µ‹"),
    ("410621200407060468", "1382003012003", "…œ∫£", "’‘ÃÏ¿÷", "«Æ¡¡", "1587657493814", "flow0@outlook.com", "Ω„Ω„"),
    ("443621200412162561", "1583089033255", "÷£÷›", "ÀŒÃÏ¿÷", "¿Ó ˜", "1731773152511", "kites@outlook.com", "ƒ∏«◊"),
    ("443621199110287910", "1730263930132", "…œ∫£", "ÀŒ«Â", "’≈∑…", "1388338409173", "bob0@gmail.com", "√√√√"),
    ("443403200112108270", "1364252080016", "Œ‰∫∫", "¿Ó‘¥", "’‘…œ", "1731870515353", "bob0@hotmail.com", "µ‹µ‹"),
    ("221403200601190126", "1589259516679", "÷£÷›", "¿Ó¥Û…Ω", "∫˙ ˜", "1387654656957", "flower@outlook.com", "∏∏«◊"),
    ("221403200111232627", "1884418118263", "÷£÷›", "∫˙…œ", "¿◊‘¥", "1580605396169", "bobs@outlook.com", "µ‹µ‹"),
    ("443403199706273133", "1588443225657", "÷£÷›", "’‘«Â", "∫˙‘¥", "1383223997330", "bob0@outlook.com", "√√√√"),
    ("410621198412285386", "1366013107897", "…œ∫£", "«Æ‘¥", "Œ¬‘¥", "1739037449893", "flowok@hotmail.com", "ƒ∏«◊"),
    ("410621201001079612", "1880301849769", "Œ‰∫∫", "«Æ‘∂", "«Æ ˜", "1380982015439", "centbest@gmail.com", "∏∏«◊"),
    ("221621198706151472", "1366409126726", "÷£÷›", "∫˙…œ", "ÀŒ¥Û…Ω", "1733665046095", "kites@hotmail.com", "∏Á∏Á"),
    ("443621200610106322", "1360044584495", "∫œ∑ ", "’‘¥Û…Ω", "’‘«Â", "1361108371135", "wing0@hotmail.com", "√√√√"),
    ("443403200003283100", "1582975366944", "∫œ∑ ", "’‘ÃÏ¿÷", "Õı‘¥", "1388788139974", "kite0@163.com", "∏Á∏Á"),
    ("221403198611088207", "1583609944065", "÷£÷›", "’‘∑…", "¿◊‘Û", "1362886601535", "flyer@hotmail.com", "ƒ∏«◊"),
    ("410621199705242059", "1888956621334", "∫œ∑ ", "’≈œÎ", "«Æø≠", "1369085361778", "kitebest@163.com", "Ω„Ω„"),
    ("221621198905041042", "1367780226207", "…œ∫£", "«Æ∑…", "∫˙‘∂", "1731822745529", "flys@hotmail.com", "∏∏«◊"),
    ("410621198105112062", "1382144870153", "…œ∫£", "Œ‚∑…", "¿Ó¡¡", "1733091339835", "cent0@hotmail.com", "ƒ∏«◊"),
    ("410621200702051672", "1884636080333", "…œ∫£", "Õı ˜", "’≈ÃÏ¿÷", "1360667978598", "kitebest@hotmail.com", "ƒ∏«◊"),
    ("221403200904062015", "1883132008617", "…œ∫£", "¿◊œÎ", "∫˙¥Û…Ω", "1388962187058", "bob0@outlook.com", "µ‹µ‹"),
    ("410621200605015361", "1361262418051", "…œ∫£", "’‘¥Û…Ω", "Õı–°≈£", "1588048704221", "centbest@gmail.com", "∏∏«◊"),
    ("443403200403287632", "1580080829071", "Œ‰∫∫", "∫˙“ª√˘", "«Æø≠", "1880157673085", "centbest@hotmail.com", "µ‹µ‹"),
    ("410403199404111545", "1587623155484", "…œ∫£", "∫˙‘∂", "¿Ó ˜", "1369881219879", "cent0@gmail.com", "≈‰≈º"),
    ("410403199007148371", "1389640154535", "÷£÷›", "∫˙∑…", "¿◊‘Û", "1383495133785", "cent0@163.com", "∏∏«◊"),
    ("410621200806229764", "1736315901551", "…œ∫£", "∫˙ ˜", "¿◊‘¥", "1885453724778", "flow0@hotmail.com", "√√√√"),
    ("443621200307091939", "1882864370812", "±±æ©", "¿ÓœÎ", "¿◊…œ", "1731228612015", "kitebest@outlook.com", "ƒ∏«◊"),
    ("410403199210041018", "1362902257990", "∫œ∑ ", "Œ¬ ˜", "Œ‚ ˜", "1588139689540", "flow0@gmail.com", "≈‰≈º"),
    ("221621200503048123", "1380442462945", "÷£÷›", "ÀŒ‘Û", "«Æ«Â", "1881831256365", "centok@outlook.com", "∏Á∏Á"),
    ("443403198505236222", "1363196467335", "∫œ∑ ", "’≈–°≈£", "ÀŒ…œ", "1588222232192", "winger@163.com", "∏∏«◊"),
    ("443403199408210519", "1588583807971", "±±æ©", "«Æ–°≈£", "∫˙…œ", "1385777750636", "kites@outlook.com", "µ‹µ‹"),
    ("221403198812180188", "1881304656994", "Œ‰∫∫", "Œ‚ ˜", "’≈∑…", "1582432683116", "fly0@163.com", "µ‹µ‹"),
    ("410621199412034175", "1589736198137", "…œ∫£", "’‘ø≠", "¿Ó ˜", "1886104334173", "kiteok@gmail.com", "Ω„Ω„"),
    ("410403200702237187", "1885189545849", "÷£÷›", "Õı∑…", "«Æ ˜", "1383187757271", "flowbest@outlook.com", "∏Á∏Á"),
    ("221621199905026845", "1384175057679", "Œ‰∫∫", "Œ¬«Â", "ÀŒ¡¡", "1881137920619", "centbest@outlook.com", "µ‹µ‹"),
    ("410403198402019687", "1380254976401", "…œ∫£", "Œ¬ ˜", "Œ¬–°≈£", "1738807299464", "cents@163.com", "≈‰≈º"),
    ("410621201003105918", "1585499307107", "∫œ∑ ", "’≈‘¥", "«Æø≠", "1583865930663", "flybest@gmail.com", "√√√√"),
    ("443621198611100605", "1734500158039", "÷£÷›", "Œ‚¥Û…Ω", "∫˙ ˜", "1737727892930", "cents@hotmail.com", "∏∏«◊"),
    ("410403199212267440", "1364343739268", "Œ‰∫∫", "∫˙ø≠", "∫˙œÎ", "1888871887244", "wings@outlook.com", "∏∏«◊"),
    ("221403199802275551", "1364464506594", "±±æ©", "Œ‚“ª√˘", "Œ¬«Â", "1884451915554", "center@outlook.com", "≈‰≈º"),
    ("410403199102034195", "1360198173512", "∫œ∑ ", "ÀŒÃÏ¿÷", "’≈∑…", "1735317948341", "wings@hotmail.com", "≈‰≈º"),
    ("410403200006190654", "1364703296954", "÷£÷›", "ÀŒø≠", "’≈«Â", "1382185246443", "cent0@outlook.com", "ƒ∏«◊"),
    ("443403199404234202", "1389254205020", "∫œ∑ ", "¿Ó∑…", "’≈–°≈£", "1583391598832", "center@outlook.com", "Ω„Ω„"),
    ("410621198003087211", "1880846687159", "∫œ∑ ", "¿Ó∑…", "∫˙–°≈£", "1385665478554", "flybest@hotmail.com", "√√√√"),
    ("443403199208093387", "1362446501347", "…œ∫£", "’‘ÃÏ¿÷", "ÀŒ‘Û", "1733020827933", "flyok@outlook.com", "≈‰≈º"),
    ("410403200111080209", "1580140461559", "±±æ©", "’‘ ˜", "ÀŒ¡¡", "1363506601398", "bobok@outlook.com", "µ‹µ‹"),
    ("443621201010024670", "1383215453199", "÷£÷›", "ÀŒÃÏ¿÷", "Œ‚œÎ", "1884012161459", "flybest@163.com", "µ‹µ‹"),
    ("410403198801210188", "1733787776331", "…œ∫£", "ÀŒ¡¡", "¿Ó“ª√˘", "1730345588509", "flybest@gmail.com", "∏Á∏Á"),
    ("410621198604064697", "1381331118529", "±±æ©", "∫˙…œ", "ÀŒ‘¥", "1586713124609", "wings@gmail.com", "∏∏«◊"),
    ("443403200003122092", "1887534151708", "±±æ©", "’≈‘¥", "¿Ó¥Û…Ω", "1366416825662", "flybest@hotmail.com", "µ‹µ‹"),
    ("221621199610084583", "1880752941983", "÷£÷›", "¿◊…œ", "’≈ÃÏ¿÷", "1883781353859", "kites@163.com", "∏∏«◊"),
    ("221403200408109925", "1583951609067", "Œ‰∫∫", "Œ‚ ˜", "Õı‘Û", "1589612238414", "kites@163.com", "Ω„Ω„"),
    ("221621198110217309", "1363657864148", "±±æ©", "¿ÓÃÏ¿÷", "Œ‚–°≈£", "1386562073404", "wingok@163.com", "∏Á∏Á"),
    ("221403199906253879", "1385090588794", "±±æ©", "∫˙‘∂", "’≈‘∂", "1389439190578", "kite0@outlook.com", "∏∏«◊"),
    ("221621200307047007", "1381013487579", "±±æ©", "’‘‘¥", "Œ¬‘Û", "1880829697930", "centok@outlook.com", "µ‹µ‹"),
    ("410403199607156381", "1581069347802", "±±æ©", "Œ¬∑…", "Œ¬∑…", "1889225585149", "flybest@163.com", "√√√√"),
    ("410621199008110715", "1360436633371", "Œ‰∫∫", "’‘‘¥", "∫˙‘∂", "1363414943800", "wingok@gmail.com", "µ‹µ‹"),
    ("443403198107214625", "1888953835614", "…œ∫£", "ÀŒ‘∂", "Œ¬ø≠", "1389282123872", "flowok@gmail.com", "√√√√"),
    ("410403199608069300", "1580510439957", "Œ‰∫∫", "ÀŒ“ª√˘", "¿◊¡¡", "1366236463043", "wing0@gmail.com", "∏Á∏Á"),
    ("221403199809261088", "1366604496191", "Œ‰∫∫", "¿ÓœÎ", "Œ‚«Â", "1884499564660", "kiteok@outlook.com", "µ‹µ‹"),
    ("443403199812220447", "1731911802004", "÷£÷›", "«Æø≠", "’≈ ˜", "1732063008491", "wings@outlook.com", "√√√√"),
    ("410621198903076769", "1888328259372", "Œ‰∫∫", "’‘‘Û", "’‘‘∂", "1589990320821", "bob0@outlook.com", "Ω„Ω„"),
    ("221403200304288292", "1584644521134", "∫œ∑ ", "Œ¬“ª√˘", "ÀŒÃÏ¿÷", "1733587501334", "fly0@hotmail.com", "ƒ∏«◊"),
    ("443621200510119743", "1380943675731", "÷£÷›", "Œ¬«Â", "Œ‚ ˜", "1384259890306", "bober@gmail.com", "Ω„Ω„"),
    ("221403198607172104", "1884399820301", "±±æ©", "∫˙ø≠", "ÀŒ–°≈£", "1739342222644", "bober@163.com", "ƒ∏«◊"),
    ("221621200903155463", "1587287643887", "…œ∫£", "ÀŒ¥Û…Ω", "Õı‘∂", "1884610285879", "wing0@hotmail.com", "µ‹µ‹"),
    ("221403199011254336", "1361418896523", "∫œ∑ ", "∫˙œÎ", "¿◊‘Û", "1366026681376", "wingok@hotmail.com", "Ω„Ω„"),
    ("443621200712090919", "1360420268100", "±±æ©", "’‘¡¡", "¿◊‘Û", "1382739792231", "bobbest@outlook.com", "∏Á∏Á"),
    ("443403198607113082", "1386196793099", "…œ∫£", "’‘‘∂", "’≈‘Û", "1732869339453", "flybest@gmail.com", "Ω„Ω„"),
    ("410403201003028335", "1889805408581", "±±æ©", "Œ¬ø≠", "Õı–°≈£", "1735841264688", "kite0@gmail.com", "µ‹µ‹"),
    ("443621199603038190", "1585350925263", "∫œ∑ ", "∫˙–°≈£", "Œ‚ÃÏ¿÷", "1583261660415", "flyok@hotmail.com", "∏∏«◊"),
    ("221403200707086489", "1587333653501", "÷£÷›", "¿◊ÃÏ¿÷", "¿◊«Â", "1739148955254", "wing0@gmail.com", "Ω„Ω„"),
    ("221403199201134429", "1588281769218", "…œ∫£", "’≈œÎ", "«Æø≠", "1388165276864", "flys@outlook.com", "∏Á∏Á"),
    ("410403200908170634", "1385852521358", "±±æ©", "ÀŒ¥Û…Ω", "«ÆœÎ", "1734506816755", "wings@163.com", "≈‰≈º"),
    ("443403198312251121", "1732351172092", "∫œ∑ ", "’‘‘∂", "’‘–°≈£", "1388823363789", "flybest@163.com", "∏Á∏Á"),
    ("221621200305184152", "1880246144991", "∫œ∑ ", "¿Óø≠", "«Æ ˜", "1585187540244", "kiteer@hotmail.com", "∏∏«◊"),
    ("221621200811054110", "1367695256401", "Œ‰∫∫", "∫˙‘¥", "¿Ó∑…", "1381615248389", "fly0@163.com", "Ω„Ω„"),
    ("410621200710191024", "1380023264678", "±±æ©", "Œ¬ ˜", "Œ‚ ˜", "1739578362017", "flowbest@outlook.com", "∏Á∏Á"),
    ("443621199203097860", "1388374791439", "±±æ©", "Õı‘∂", "Œ‚“ª√˘", "1585794643894", "fly0@hotmail.com", "µ‹µ‹"),
    ("410621198410121757", "1581098281100", "±±æ©", "Õı‘Û", "Œ¬ø≠", "1589839498848", "wings@163.com", "∏Á∏Á"),
    ("221621198601127352", "1584272424517", "÷£÷›", "∫˙–°≈£", "Œ‚‘¥", "1736980870257", "wing0@hotmail.com", "µ‹µ‹"),
    ("221403198505113766", "1585834793564", "Œ‰∫∫", "’‘ÃÏ¿÷", "¿Ó…œ", "1361040286468", "wings@163.com", "ƒ∏«◊"),
    ("221403200612216922", "1588780116919", "±±æ©", "’≈‘¥", "Œ¬‘∂", "1732254620028", "centok@hotmail.com", "Ω„Ω„"),
    ("221403199901178075", "1389115270165", "Œ‰∫∫", "’≈ÃÏ¿÷", "¿Óø≠", "1731846380552", "flow0@outlook.com", "µ‹µ‹"),
    ("221621200504062043", "1733646930007", "±±æ©", "ÀŒ∑…", "’≈ÃÏ¿÷", "1882616644217", "centbest@gmail.com", "≈‰≈º"),
    ("221403198612050351", "1732762720718", "∫œ∑ ", "¿Ó…œ", "’≈–°≈£", "1362316367886", "wingok@gmail.com", "≈‰≈º"),
    ("443621199603037860", "1734494085448", "±±æ©", "’‘¡¡", "’‘‘¥", "1732101599299", "bobok@gmail.com", "∏Á∏Á"),
    ("410621200605131728", "1384053300085", "∫œ∑ ", "ÕıœÎ", "ÀŒ¡¡", "1738552600875", "wingbest@hotmail.com", "µ‹µ‹"),
    ("410403198101160248", "1386917771512", "÷£÷›", "Õı…œ", "«Æ…œ", "1583136919756", "flowok@outlook.com", "ƒ∏«◊"),
    ("221621199110186162", "1368474947856", "Œ‰∫∫", "«Æ–°≈£", "Œ‚‘Û", "1369156294189", "flowok@163.com", "∏Á∏Á"),
    ("410621199512034865", "1886734165349", "Œ‰∫∫", "Õı ˜", "Œ¬…œ", "1362990334804", "wingok@outlook.com", "ƒ∏«◊"),
    ("221403199108272732", "1360125727925", "±±æ©", "«Æ‘¥", "’≈–°≈£", "1381699493075", "kite0@hotmail.com", "∏Á∏Á"),
    ("410621199407168896", "1731456048806", "÷£÷›", "Õı«Â", "’≈‘∂", "1588412744392", "flowok@hotmail.com", "∏Á∏Á"),
    ("221403198101255958", "1735580260651", "∫œ∑ ", "Õı«Â", "∫˙‘¥", "1730042798365", "winger@hotmail.com", "√√√√"),
    ("221403199611117670", "1389468760498", "±±æ©", "’‘‘∂", "’‘¥Û…Ω", "1738410658772", "wings@outlook.com", "µ‹µ‹"),
    ("443403200512037755", "1365247431887", "±±æ©", "¿ÓœÎ", "Œ¬«Â", "1885518348528", "flys@163.com", "µ‹µ‹"),
    ("221403200806076319", "1386572131236", "÷£÷›", "¿Óø≠", "’≈ÃÏ¿÷", "1888918385044", "flowok@hotmail.com", "√√√√"),
    ("410621200709184105", "1388188260791", "∫œ∑ ", "«ÆœÎ", "¿ÓÃÏ¿÷", "1360320341554", "flow0@gmail.com", "≈‰≈º"),
    ("221621200311059506", "1369849206388", "∫œ∑ ", "Œ¬ø≠", "¿Ó‘Û", "1584655640836", "wingbest@hotmail.com", "√√√√"),
    ("443403199709269315", "1368347040067", "…œ∫£", "∫˙–°≈£", "Œ‚ÃÏ¿÷", "1380614356119", "wing0@outlook.com", "Ω„Ω„"),
    ("221621201005125064", "1735749921518", "∫œ∑ ", "Õı“ª√˘", "¿◊ÃÏ¿÷", "1361595970909", "wingbest@163.com", "ƒ∏«◊"),
    ("410621198007067756", "1882589172480", "Œ‰∫∫", "ÀŒ“ª√˘", "¿Ó‘∂", "1361182773395", "center@163.com", "Ω„Ω„"),
    ("410621200905100654", "1580489588832", "÷£÷›", "«ÆÃÏ¿÷", "¿Ó–°≈£", "1889975637963", "flower@hotmail.com", "√√√√"),
    ("443403200810106675", "1736677729881", "Œ‰∫∫", "¿◊ø≠", "«Æ∑…", "1385693666842", "wing0@163.com", "Ω„Ω„"),
    ("410621198005016478", "1365006095618", "Œ‰∫∫", "«Æ ˜", "ÀŒ ˜", "1366168503996", "kite0@hotmail.com", "∏Á∏Á"),
    ("410621200004084994", "1730803119348", "∫œ∑ ", "Œ¬¥Û…Ω", "«Æ…œ", "1882991838762", "centbest@163.com", "∏∏«◊"),
    ("410621199511186409", "1730181142044", "÷£÷›", "¿◊‘Û", "Œ‚–°≈£", "1385459969840", "cents@hotmail.com", "ƒ∏«◊"),
    ("443403198506018123", "1367714525196", "±±æ©", "’‘¡¡", "ÀŒ“ª√˘", "1736153328780", "flyok@163.com", "√√√√"),
    ("221403198411278893", "1584678356776", "…œ∫£", "Œ‚‘∂", "¿◊«Â", "1584672468324", "cent0@163.com", "≈‰≈º"),
    ("410621199409084493", "1367481886508", "∫œ∑ ", "ÀŒ‘Û", "Õı…œ", "1586362143712", "fly0@hotmail.com", "≈‰≈º"),
    ("410621198708190695", "1369122855019", "±±æ©", "’≈‘∂", "ÀŒ∑…", "1388859891445", "flow0@gmail.com", "∏Á∏Á"),
    ("221621198906060302", "1733945627861", "Œ‰∫∫", "Œ¬¡¡", "Œ‚∑…", "1733823165414", "winger@gmail.com", "ƒ∏«◊"),
    ("221621198903014494", "1737755128917", "÷£÷›", "Œ‚ø≠", "’‘“ª√˘", "1589871928246", "cent0@outlook.com", "Ω„Ω„"),
    ("443621201001191346", "1885586945615", "∫œ∑ ", "¿Ó‘¥", "¿◊¥Û…Ω", "1589022190169", "flower@163.com", "µ‹µ‹"),
    ("221403200703289741", "1588335758029", "±±æ©", "’≈‘Û", "’≈ÃÏ¿÷", "1383941341636", "centok@gmail.com", "Ω„Ω„"),
    ("410621198705207415", "1582561026752", "Œ‰∫∫", "’‘“ª√˘", "Õı«Â", "1367033824592", "wings@163.com", "∏∏«◊"),
    ("221403198308072287", "1363565915559", "±±æ©", "∫˙¥Û…Ω", "¿◊‘Û", "1386094954069", "flybest@163.com", "∏Á∏Á"),
    ("410621200709236595", "1584246705548", "±±æ©", "’≈‘∂", "’‘ÃÏ¿÷", "1887961496560", "bobbest@outlook.com", "Ω„Ω„"),
    ("443621199405015134", "1732642464142", "÷£÷›", "Œ¬‘Û", "’‘«Â", "1362591872114", "flys@163.com", "Ω„Ω„"),
    ("443403199506128804", "1369334520529", "±±æ©", "«Æø≠", "¿Ó«Â", "1385922318413", "flowbest@outlook.com", "ƒ∏«◊"),
    ("443403198005135661", "1887046272765", "Œ‰∫∫", "Õı ˜", "¿Ó‘∂", "1385760821715", "flows@gmail.com", "≈‰≈º"),
    ("221621198108288305", "1389075859936", "Œ‰∫∫", "Œ¬ø≠", "«ÆÃÏ¿÷", "1889347804069", "kitebest@163.com", "Ω„Ω„");

insert into cus_and_cheAccount (cust_cutomID, cheq_cusA_accountIDX) values
    ("443403200004069265", "60752809659831199536"),
    ("443621198604232224", "60752809659831199536"),
    ("443621198604232224", "44419484387550756060"),
    ("443403200211103296", "60752809659831199536"),
    ("443403200211103296", "14174955927329992757"),
    ("221621199412205296", "14174955927329992757"),
    ("221621199412205296", "44419484387550756060"),
    ("221621199303267938", "14174955927329992757"),
    ("410403200906054901", "60752809659831199536"),
    ("410403200906054901", "14174955927329992757"),
    ("410403200906054901", "44419484387550756060"),
    ("221621198803267630", "60752809659831199536"),
    ("221403200702145212", "17412356166315835091"),
    ("221403200306055188", "60752809659831199536"),
    ("221403200306055188", "02691489713804331785"),
    ("221403199608156572", "02691489713804331785"),
    ("221403199909186085", "60752809659831199536"),
    ("221403199909186085", "17412356166315835091"),
    ("221621201005082748", "25518174825839300841"),
    ("221621201005082748", "02691489713804331785"),
    ("410621200210269155", "17412356166315835091"),
    ("410621200210269155", "27924430599060312850"),
    ("221621199911227896", "13083825926517336674"),
    ("443403198511054911", "16012645344978841249"),
    ("443403198511054911", "17412356166315835091"),
    ("410403198610259786", "16012645344978841249"),
    ("410403198610259786", "91506447526566436953"),
    ("410403198610259786", "95515231658993740937"),
    ("410621198903035546", "91506447526566436953"),
    ("443621198801194903", "57036661051703301220"),
    ("443621198801194903", "02691489713804331785"),
    ("410403200006189779", "60752809659831199536"),
    ("410403200006189779", "91506447526566436953"),
    ("410403200006189779", "02691489713804331785"),
    ("221403199701165118", "57036661051703301220"),
    ("221403199701165118", "51804923065416137920"),
    ("410403198908112121", "11391740539132730783"),
    ("410403198908112121", "61088172732168959190"),
    ("443403200006177077", "89802594228643433020"),
    ("443403200006177077", "44419484387550756060"),
    ("221403198610242749", "15567361868661270166"),
    ("221403198610242749", "44419484387550756060"),
    ("410403199705013602", "61088172732168959190"),
    ("410403199705013602", "44419484387550756060"),
    ("443403199612017706", "58870485897768987693"),
    ("443403199612017706", "61088172732168959190"),
    ("410403200805054031", "16012645344978841249"),
    ("443621200406019981", "07852922253871077757"),
    ("410403200012197000", "58870485897768987693"),
    ("410403200012197000", "71499689188077736303"),
    ("410403200012197000", "07852922253871077757"),
    ("410403198101272779", "71499689188077736303"),
    ("410403198911117861", "58870485897768987693"),
    ("221621200810032121", "50460411394216427987"),
    ("221621200810032121", "57942711141115104817"),
    ("443621199702029603", "57036661051703301220"),
    ("443621199702029603", "61963477645570664697"),
    ("443621199702029603", "44419484387550756060"),
    ("443403200503013205", "11391740539132730783"),
    ("443403200503013205", "51804923065416137920"),
    ("443403199306274728", "50460411394216427987"),
    ("443403199306274728", "20677423695981553324"),
    ("410403199807022186", "80338329288343598429"),
    ("410403199807022186", "61088172732168959190"),
    ("410403198812167797", "11391740539132730783"),
    ("221621200504196553", "21529297073773563771"),
    ("443621200302110386", "37217231752837011385"),
    ("443621200302110386", "27924430599060312850"),
    ("410403198905106385", "94882348962603199690"),
    ("410403198807279677", "20734930875003572775"),
    ("410403198807279677", "57942711141115104817"),
    ("410403198010067261", "11391740539132730783"),
    ("410403198010067261", "02691489713804331785"),
    ("221621200408079089", "30150253283329400412"),
    ("410403199804195990", "25518174825839300841"),
    ("443621201008030553", "39973402764410879763"),
    ("221403198111243183", "39973402764410879763"),
    ("410403199110191595", "94882348962603199690"),
    ("443621198012016814", "71060853663009861662"),
    ("443621198012016814", "20079865766996851554"),
    ("443621198012016814", "95515231658993740937"),
    ("410403199009074804", "50460411394216427987"),
    ("410403199009074804", "96219455897923556700"),
    ("410403200910194291", "51617380776738505146"),
    ("410403200910194291", "38879725301349771250"),
    ("410621199305105447", "36815862599740694535"),
    ("410621199305105447", "53367140841948678726"),
    ("221403200807132831", "17412356166315835091"),
    ("410621198207048577", "20734930875003572775"),
    ("410621198207048577", "14174955927329992757"),
    ("221621198401013931", "50460411394216427987"),
    ("221621198401013931", "21529297073773563771"),
    ("443403199912241146", "61963477645570664697"),
    ("221621200308085814", "41481274157329563242"),
    ("221621200308085814", "47649829207440510466"),
    ("410403199312215294", "51804923065416137920"),
    ("221621198805257598", "31099335992932274299"),
    ("221621198805257598", "30150253283329400412"),
    ("410621201002125313", "66194173833127719140"),
    ("221403198405073451", "13083825926517336674"),
    ("410403198012066307", "17412356166315835091"),
    ("221403201004044340", "20734930875003572775"),
    ("221403201004044340", "27924430599060312850"),
    ("410403200508148475", "90410402170682754864"),
    ("221621201001185043", "53367140841948678726"),
    ("410621198605093279", "57036661051703301220"),
    ("410621198605093279", "07852922253871077757"),
    ("410403199906128961", "50460411394216427987"),
    ("410403199906128961", "71499689188077736303"),
    ("410403199112041433", "27924430599060312850"),
    ("443403198405117725", "39973402764410879763"),
    ("443403198405117725", "38879725301349771250"),
    ("410621199103066589", "51804923065416137920"),
    ("443621200309251122", "42757880741421260070"),
    ("410621198511181232", "81740068795930001444"),
    ("410621198511181232", "44638951820016791091"),
    ("410621200309197836", "00268203524518735362"),
    ("221621200305079510", "42757880741421260070"),
    ("221621200305079510", "44419484387550756060"),
    ("221621200202206724", "65616249965630630487"),
    ("410403200805039137", "65616249965630630487"),
    ("410403200805039137", "21529297073773563771"),
    ("410621199709026628", "71524158645501057794"),
    ("410621199709026628", "71499689188077736303"),
    ("410621199709026628", "88893948611963019797"),
    ("221621198307214002", "22657568291048185378"),
    ("221621198307214002", "70316570646311093616"),
    ("221621199812225242", "71524158645501057794"),
    ("221621199812225242", "33529172323114175884"),
    ("221403200111173626", "60752809659831199536"),
    ("221403200111173626", "79642055580223318430"),
    ("410403200203264927", "81740068795930001444"),
    ("410403200203264927", "91506447526566436953"),
    ("410403200203264927", "27891272302401212385"),
    ("443403200809166654", "00656851411236346492"),
    ("443403200809166654", "44638951820016791091"),
    ("410621200408227945", "81740068795930001444"),
    ("410621200408227945", "07852922253871077757"),
    ("410621200109090106", "56662355796479527897"),
    ("410621198006283675", "41125583927967724206"),
    ("410621198006283675", "88893948611963019797"),
    ("221621200611265738", "60160549134830396592"),
    ("221621200611265738", "21529297073773563771"),
    ("221621200611265738", "87508336127014388341"),
    ("443403198201028315", "82279945361435316200"),
    ("443403198201028315", "34474323293847748950"),
    ("221403199712120131", "88800317640360879972"),
    ("443621201009232852", "16666064001433387623"),
    ("443621201009232852", "53367140841948678726"),
    ("410621199008159963", "50610073001622878595"),
    ("443621198501086461", "47218005262606181671"),
    ("443621198501086461", "53367140841948678726"),
    ("410403198208146624", "47649829207440510466"),
    ("410403198208146624", "07852922253871077757"),
    ("221403200705272442", "51804923065416137920"),
    ("221403200705272442", "53367140841948678726"),
    ("221621198805157432", "37217231752837011385"),
    ("410621198912189002", "09365293663200703070"),
    ("410621198912189002", "66194173833127719140"),
    ("410621198912189002", "94882348962603199690"),
    ("410403200005022374", "60752809659831199536"),
    ("410403200005022374", "47649829207440510466"),
    ("221403200412018245", "39973402764410879763"),
    ("221403198401133416", "78800235063784061660"),
    ("221403198401133416", "41251667949315476797"),
    ("221621198307274963", "42499066310375129168"),
    ("221621198307274963", "71499689188077736303"),
    ("410621198608028620", "41251667949315476797"),
    ("443403198107241160", "30150253283329400412"),
    ("410621198310246715", "89141194481606352500"),
    ("221403200807113953", "44419484387550756060"),
    ("410621198302219752", "53367140841948678726"),
    ("443403200803027463", "26549505290632149118"),
    ("443403200803027463", "85701348442663798696"),
    ("443403200803027463", "79642055580223318430"),
    ("443621200803202384", "16012645344978841249"),
    ("410621198104022298", "68318917184931112832"),
    ("221621199210119080", "54548556262356224047"),
    ("221621199210119080", "51804923065416137920"),
    ("443403200101287786", "13284180217811140748"),
    ("221621198512038430", "20677423695981553324"),
    ("221621198512038430", "87508336127014388341"),
    ("443403199102184997", "96777085192908357475"),
    ("443403199102184997", "44419484387550756060"),
    ("443403200109050090", "21529297073773563771"),
    ("410403200907153418", "88800317640360879972"),
    ("410403200907153418", "96219455897923556700"),
    ("410403200907153418", "53367140841948678726"),
    ("443621198607247256", "30782561669239747464"),
    ("410621198110214044", "28351918710359650874"),
    ("410621198110214044", "14174955927329992757"),
    ("443403199902052336", "16060944543928242076"),
    ("410621200404154763", "10931841631588271568"),
    ("410621200404154763", "56662355796479527897"),
    ("443621200311146277", "26549505290632149118"),
    ("410403198304176369", "50460411394216427987"),
    ("410403198304176369", "20079865766996851554"),
    ("410403198304176369", "79455493020689797509"),
    ("443621198909273913", "89141194481606352500"),
    ("443621198909273913", "04918742049667741501"),
    ("443621200108206099", "73748439787672542603"),
    ("443621200108206099", "57942711141115104817"),
    ("410403198707071435", "47470936198145013445"),
    ("410403198707071435", "79455493020689797509"),
    ("221621199101160877", "61088172732168959190"),
    ("443621199404183600", "62528585130963909003"),
    ("443621199404183600", "51886832425489284519"),
    ("410403199809135496", "51886832425489284519"),
    ("410403200208090426", "42499066310375129168"),
    ("410403200208090426", "56662355796479527897"),
    ("221403198907275530", "65685426669545599345"),
    ("221403199712107272", "04918742049667741501"),
    ("443403200912163551", "17412356166315835091"),
    ("443403198512045015", "21529297073773563771"),
    ("443403198512045015", "30150253283329400412"),
    ("221403200509160055", "47470936198145013445"),
    ("221403200509160055", "30150253283329400412"),
    ("410621200512095257", "60160549134830396592"),
    ("410621200512095257", "75723410552876219353"),
    ("443621200601136421", "34517430983446163772"),
    ("221621199606173272", "71060853663009861662"),
    ("221621199101220563", "53367140841948678726"),
    ("410621200612077327", "20079865766996851554"),
    ("221403199307151570", "36815862599740694535"),
    ("410403199408124183", "08917576035562242403"),
    ("443403198612167869", "08336249005799322527"),
    ("443403198612167869", "60721744540801877921"),
    ("410403200609063075", "42499066310375129168"),
    ("410403200609063075", "51804923065416137920"),
    ("410403200609063075", "70316570646311093616"),
    ("443621198304118165", "51829740132367537065"),
    ("221403198905035420", "27891272302401212385"),
    ("221621199803275659", "60618873687042835741"),
    ("221621199703081886", "44638951820016791091"),
    ("221621199703081886", "08404513427696827546"),
    ("221621198101269982", "53367140841948678726"),
    ("443621200602011971", "88800317640360879972"),
    ("443621200602011971", "51829740132367537065"),
    ("410403198904096622", "30155241092083483442"),
    ("221403199606022992", "44638951820016791091"),
    ("443403200201030419", "60160549134830396592"),
    ("443403200201030419", "27264520026234033142"),
    ("410621198302077775", "09997175402377612685"),
    ("410621198302077775", "57942711141115104817"),
    ("443621200306269035", "80338329288343598429"),
    ("443621200306269035", "17412356166315835091"),
    ("443621200306269035", "30155241092083483442"),
    ("410621199301281072", "38000198250389013059"),
    ("410621199301281072", "51804923065416137920"),
    ("410621200407060468", "26549505290632149118"),
    ("410621200407060468", "28188391952264284831"),
    ("410621200407060468", "39661177099934016042"),
    ("443621200412162561", "86853871855674608245"),
    ("443621200412162561", "56662355796479527897"),
    ("443621200412162561", "24648272422658088027"),
    ("443621199110287910", "73748439787672542603"),
    ("443403200112108270", "62528585130963909003"),
    ("443403200112108270", "57942711141115104817"),
    ("221403200601190126", "65726745192347931554"),
    ("221403200601190126", "39661177099934016042"),
    ("221403200111232627", "42216163180255282191"),
    ("221403200111232627", "10758630448638772980"),
    ("443403199706273133", "28351918710359650874"),
    ("410621198412285386", "28351918710359650874"),
    ("410621201001079612", "02682853137197177778"),
    ("410621201001079612", "52078057697953855639"),
    ("410621201001079612", "30150253283329400412"),
    ("221621198706151472", "08404513427696827546"),
    ("443621200610106322", "22536979423982857152"),
    ("443621200610106322", "70316570646311093616"),
    ("443403200003283100", "31955189436053973592"),
    ("221403198611088207", "44638951820016791091"),
    ("221403198611088207", "88893948611963019797"),
    ("410621199705242059", "66636197873532580390"),
    ("410621199705242059", "34958711439003058157"),
    ("221621198905041042", "96396367711469305110"),
    ("221621198905041042", "70316570646311093616"),
    ("410621198105112062", "62528585130963909003"),
    ("410621200702051672", "48107286224967599715"),
    ("221403200904062015", "11391740539132730783"),
    ("410621200605015361", "84601252476339195420"),
    ("443403200403287632", "15567361868661270166"),
    ("410403199404111545", "86259043851272138613"),
    ("410403199007148371", "33529172323114175884"),
    ("410403199007148371", "41251667949315476797"),
    ("410621200806229764", "57961428448297351310"),
    ("410621200806229764", "99248979122610193437"),
    ("443621200307091939", "42757880741421260070"),
    ("410403199210041018", "09643525502719357426"),
    ("221621200503048123", "26330791877322959112"),
    ("221621200503048123", "54430187716308999921"),
    ("443403198505236222", "89375683696085607608"),
    ("443403198505236222", "59034177768143801546"),
    ("221403198812180188", "56662355796479527897"),
    ("221403198812180188", "06834925389789385643"),
    ("410621199412034175", "30782561669239747464"),
    ("410403200702237187", "75723410552876219353"),
    ("410403200702237187", "44419484387550756060"),
    ("221621199905026845", "43670236043775814179"),
    ("221621199905026845", "06834925389789385643"),
    ("410403198402019687", "60752809659831199536"),
    ("410403198402019687", "91506447526566436953"),
    ("443621198611100605", "78097547161961490361"),
    ("443621198611100605", "79642055580223318430"),
    ("410403199212267440", "84601252476339195420"),
    ("410403199212267440", "59751449407718352867"),
    ("221403199802275551", "69072438284959256581"),
    ("410403199102034195", "57961428448297351310"),
    ("410403199102034195", "86917325132444034743"),
    ("410403200006190654", "88800317640360879972"),
    ("410403200006190654", "29967440824116860866"),
    ("443403199404234202", "27634353189209040048"),
    ("410621198003087211", "27382242413600738568"),
    ("443403199208093387", "31099335992932274299"),
    ("443403199208093387", "27924430599060312850"),
    ("410403200111080209", "27382242413600738568"),
    ("443621201010024670", "69072438284959256581"),
    ("410621198604064697", "75723410552876219353"),
    ("443403200003122092", "26391453180095309015"),
    ("221621199610084583", "37217231752837011385"),
    ("221621199610084583", "18568382518118671209"),
    ("221403200408109925", "69746446794781883420"),
    ("221403200408109925", "27382242413600738568"),
    ("221621198110217309", "85701348442663798696"),
    ("221621200307047007", "47470936198145013445"),
    ("410403199607156381", "43670236043775814179"),
    ("443403198107214625", "50610073001622878595"),
    ("410403199608069300", "33529172323114175884"),
    ("221403199809261088", "20734930875003572775"),
    ("221403199809261088", "27634353189209040048"),
    ("443403199812220447", "16980560133239622762"),
    ("443403199812220447", "59034177768143801546"),
    ("443403199812220447", "96361364667496886425"),
    ("410621198903076769", "73030787513933496354"),
    ("410621198903076769", "27382242413600738568"),
    ("221403200304288292", "08336249005799322527"),
    ("221403200304288292", "71499689188077736303"),
    ("221403200304288292", "27382242413600738568"),
    ("221403198607172104", "09997175402377612685"),
    ("221621200903155463", "24915825171096356648"),
    ("221403199011254336", "51886832425489284519"),
    ("443621200712090919", "00656851411236346492"),
    ("443621200712090919", "48613407089085397230"),
    ("443403198607113082", "85171393714238770643"),
    ("443403198607113082", "85701348442663798696"),
    ("410403201003028335", "48613407089085397230"),
    ("443621199603038190", "81740068795930001444"),
    ("443621199603038190", "51886832425489284519"),
    ("221403200707086489", "79200157693408865683"),
    ("221403200707086489", "24915825171096356648"),
    ("221403199201134429", "77149359514965246371"),
    ("443403198312251121", "69072438284959256581"),
    ("443403198312251121", "17884163288234977385"),
    ("221621200305184152", "84601252476339195420"),
    ("221621200305184152", "22536979423982857152"),
    ("221621200811054110", "84601252476339195420"),
    ("410621200710191024", "80338329288343598429"),
    ("443621199203097860", "20079865766996851554"),
    ("410621198410121757", "82279945361435316200"),
    ("221621198601127352", "56770281357675636101"),
    ("221621198601127352", "61088172732168959190"),
    ("221621198601127352", "43592837714154251911"),
    ("221403198505113766", "85171393714238770643"),
    ("221403198505113766", "86917325132444034743"),
    ("221403200612216922", "80338329288343598429"),
    ("221403200612216922", "27629219358513940148"),
    ("221403199901178075", "36739564386666848988"),
    ("221403199901178075", "55418460713538684428"),
    ("221621200504062043", "34517430983446163772"),
    ("221621200504062043", "86917325132444034743"),
    ("221621200504062043", "30150253283329400412"),
    ("221403198612050351", "27382242413600738568"),
    ("443621199603037860", "38000198250389013059"),
    ("443621199603037860", "10451941942967670725"),
    ("410403198101160248", "31099335992932274299"),
    ("221621199110186162", "31099335992932274299"),
    ("221621199110186162", "15986176719355157124"),
    ("410621199512034865", "56770281357675636101"),
    ("410621199512034865", "27382242413600738568"),
    ("221403199108272732", "39887665538332506905"),
    ("410621199407168896", "95418654655547309702"),
    ("221403198101255958", "11758818830864384745"),
    ("221403199611117670", "43851271725367885121"),
    ("443403200512037755", "33104021229377496063"),
    ("443403200512037755", "44647790705702724592"),
    ("221403200806076319", "79640926828030897050"),
    ("410621200709184105", "11550151844177440597"),
    ("410621200709184105", "41251667949315476797"),
    ("221621200311059506", "38087738504333154465"),
    ("221621200311059506", "36413195631322737155"),
    ("443403199709269315", "16666064001433387623"),
    ("410621198007067756", "37183337086214523141"),
    ("410621198005016478", "30782561669239747464"),
    ("410621200004084994", "77774425475917721215"),
    ("410621200004084994", "05266225774294041208"),
    ("410621199511186409", "22657568291048185378"),
    ("443403198506018123", "81740068795930001444"),
    ("443403198506018123", "33529172323114175884"),
    ("443403198506018123", "33988457001225701608"),
    ("221621198906060302", "47649829207440510466"),
    ("221621198906060302", "11339538918404608242"),
    ("221621198903014494", "54483961768105516304"),
    ("443621201001191346", "71187469304939514015"),
    ("443621201001191346", "48613407089085397230"),
    ("221403200703289741", "61088172732168959190"),
    ("221403200703289741", "10758630448638772980"),
    ("410621200709236595", "40605255860866841202"),
    ("443621199405015134", "09997175402377612685"),
    ("443403199506128804", "37417868680608028100"),
    ("443403198005135661", "58870485897768987693"),
    ("443403198005135661", "77149359514965246371"),
    ("221621198108288305", "49225297712625863707");

insert into cus_and_depAccount (cust_customID, depo_cusA_accountIDX) values
    ("221403199909186085", "17109478420777063682"),
    ("221621201005082748", "02691489713804331785"),
    ("410621200210269155", "27924430599060312850"),
    ("410403198610259786", "91506447526566436953"),
    ("410621198903035546", "30945599321689202449"),
    ("443621198801194903", "57036661051703301220"),
    ("443403200412051860", "02691489713804331785"),
    ("410621199605243763", "02691489713804331785"),
    ("410621199605243763", "02691489713804331785"),
    ("410403200006189779", "91506447526566436953"),
    ("221403199701165118", "57036661051703301220"),
    ("221403199701165118", "51804923065416137920"),
    ("221403199701165118", "51804923065416137920"),
    ("410403198908112121", "11391740539132730783"),
    ("410403198908112121", "61088172732168959190"),
    ("410403198908112121", "61088172732168959190"),
    ("443403200006177077", "89802594228643433020"),
    ("443403200006177077", "44419484387550756060"),
    ("221403198610242749", "15567361868661270166"),
    ("410403199705013602", "61088172732168959190"),
    ("443403199612017706", "54012324699309320072"),
    ("410403200805054031", "16012645344978841249"),
    ("410403200805054031", "19149829309413365887"),
    ("410403200805054031", "19149829309413365887"),
    ("443621200406019981", "07852922253871077757"),
    ("221403199605036001", "07852922253871077757"),
    ("410403200012197000", "58870485897768987693"),
    ("410403198911117861", "58870485897768987693"),
    ("410403198911117861", "79172921777442400512"),
    ("410403198911117861", "79172921777442400512"),
    ("221621200810032121", "50460411394216427987"),
    ("443621199702029603", "61963477645570664697"),
    ("443621199702029603", "44419484387550756060"),
    ("443403200503013205", "51804923065416137920"),
    ("443403200503013205", "51804923065416137920"),
    ("443403199306274728", "50460411394216427987"),
    ("410403199807022186", "61088172732168959190"),
    ("410403198812167797", "11391740539132730783"),
    ("410403198812167797", "11391740539132730783"),
    ("443621200302110386", "27924430599060312850"),
    ("221621199503032835", "96690199748372803182"),
    ("221621199503032835", "96690199748372803182"),
    ("410403198905106385", "96690199748372803182"),
    ("410403198905106385", "96690199748372803182"),
    ("410403198905106385", "94882348962603199690"),
    ("410403198807279677", "20734930875003572775"),
    ("221621200503150200", "57942711141115104817"),
    ("410403198010067261", "11391740539132730783"),
    ("410403198010067261", "02691489713804331785"),
    ("221621200408079089", "66511809216884654019"),
    ("221621200408079089", "66511809216884654019"),
    ("221621200408079089", "30150253283329400412"),
    ("410403199804195990", "30150253283329400412"),
    ("443621201008030553", "39973402764410879763"),
    ("443621201008030553", "39973402764410879763"),
    ("443621201008030553", "09839362550445693047"),
    ("221403198111243183", "39973402764410879763"),
    ("410403199110191595", "92500521485655020720"),
    ("443621198012016814", "20079865766996851554"),
    ("410403199009074804", "50460411394216427987"),
    ("410621199305105447", "36815862599740694535"),
    ("410621199305105447", "53367140841948678726"),
    ("221403200807132831", "17412356166315835091"),
    ("221403200807132831", "85044388617738788906"),
    ("410621198207048577", "20734930875003572775"),
    ("410621198207048577", "14174955927329992757"),
    ("410621198207048577", "14174955927329992757"),
    ("443403199912241146", "61963477645570664697"),
    ("221403198008148429", "72674909777187628363"),
    ("221403198008148429", "49841401761800822552"),
    ("221403198008148429", "32718388341843139713"),
    ("221621198805257598", "31099335992932274299"),
    ("410621201002125313", "04491140351104407823"),
    ("221403198405073451", "13083825926517336674"),
    ("410403198012066307", "13083825926517336674"),
    ("221403201004044340", "27924430599060312850"),
    ("221403200409234374", "27924430599060312850"),
    ("221403200409234374", "79236979702417433867"),
    ("410403200508148475", "90410402170682754864"),
    ("410621198605093279", "57036661051703301220"),
    ("410403199906128961", "71499689188077736303"),
    ("410621199108128402", "71499689188077736303"),
    ("410403199112041433", "71499689188077736303"),
    ("410403199112041433", "64028140982382185552"),
    ("443403198405117725", "39973402764410879763"),
    ("443403198405117725", "38879725301349771250"),
    ("443403198405117725", "39787308994590392640"),
    ("443621200309251122", "42757880741421260070"),
    ("443621200309251122", "42757880741421260070"),
    ("410621198511181232", "81740068795930001444"),
    ("410621198511181232", "92226350318623158201"),
    ("221621200202206724", "65616249965630630487"),
    ("410403200805039137", "65616249965630630487"),
    ("410403200805039137", "21529297073773563771"),
    ("410403200805039137", "21529297073773563771"),
    ("410621199709026628", "71499689188077736303"),
    ("410621199709026628", "88893948611963019797"),
    ("221621198307214002", "22657568291048185378"),
    ("221621199812225242", "33529172323114175884"),
    ("221403200111173626", "79642055580223318430"),
    ("410403200203264927", "81740068795930001444"),
    ("410403200203264927", "91506447526566436953"),
    ("410403200203264927", "27891272302401212385"),
    ("221621199607236450", "44475564697624802990"),
    ("443403200809166654", "00656851411236346492"),
    ("443403200809166654", "32491945091117195010"),
    ("410621200408227945", "81740068795930001444"),
    ("410621200408227945", "07852922253871077757"),
    ("410621200109090106", "47640874417533539374"),
    ("410621198006283675", "41125583927967724206"),
    ("221621200611265738", "60160549134830396592"),
    ("221621200611265738", "21529297073773563771"),
    ("221621200611265738", "87508336127014388341"),
    ("221403199712120131", "88800317640360879972"),
    ("221403199712120131", "78701954253244005112"),
    ("443621201009232852", "16666064001433387623"),
    ("443621201009232852", "53367140841948678726"),
    ("410621199008159963", "22379745250943398828"),
    ("443621198501086461", "47218005262606181671"),
    ("443621198501086461", "88541125907059565616"),
    ("443621198501086461", "53367140841948678726"),
    ("221403200705272442", "07852922253871077757"),
    ("221621198805157432", "37217231752837011385"),
    ("410621198912189002", "66194173833127719140"),
    ("410403200005022374", "60752809659831199536"),
    ("410403200005022374", "47649829207440510466"),
    ("221403200412018245", "51908984168035367645"),
    ("221403198401133416", "78800235063784061660"),
    ("221403198401133416", "78800235063784061660"),
    ("221403198401133416", "41251667949315476797"),
    ("221621198307274963", "71499689188077736303"),
    ("221403200110109464", "14686584168413221444"),
    ("410621198608028620", "05756354885425854763"),
    ("410621198608028620", "41251667949315476797"),
    ("443403198107241160", "41251667949315476797"),
    ("410621198310246715", "30150253283329400412"),
    ("410621198310246715", "89141194481606352500"),
    ("221621200202051408", "03219699665059592635"),
    ("410621198302219752", "60009866585814460831"),
    ("410621198302219752", "51776837705813866661"),
    ("410621198302219752", "53367140841948678726"),
    ("443403200803027463", "26549505290632149118"),
    ("443403200803027463", "85701348442663798696"),
    ("443403200803027463", "79642055580223318430"),
    ("443621200803202384", "16012645344978841249"),
    ("443621200803202384", "93413279925506802881"),
    ("410621198104022298", "68318917184931112832"),
    ("410621198104022298", "26781345492771313624"),
    ("221621199210119080", "51804923065416137920"),
    ("443403200101287786", "51804923065416137920"),
    ("443403199102184997", "20812324489577368508"),
    ("443403200109050090", "43702410708862285200"),
    ("443403200109050090", "21529297073773563771"),
    ("410403200907153418", "88800317640360879972"),
    ("410403200907153418", "96219455897923556700"),
    ("410403200907153418", "53367140841948678726"),
    ("443621198607247256", "30782561669239747464"),
    ("410621198110214044", "14174955927329992757"),
    ("443403199902052336", "16060944543928242076"),
    ("221621199902083299", "16060944543928242076"),
    ("221621199902083299", "16060944543928242076"),
    ("221621199902083299", "16060944543928242076"),
    ("410621200404154763", "56662355796479527897"),
    ("410621200404154763", "56662355796479527897"),
    ("443621200311146277", "26549505290632149118"),
    ("443621198909273913", "54755139213529557554"),
    ("443621198909273913", "89141194481606352500"),
    ("443621200108206099", "73748439787672542603"),
    ("410403198707071435", "79455493020689797509"),
    ("221621200502025779", "96629459448174108505"),
    ("221621199101160877", "61088172732168959190"),
    ("443621200402082420", "76482016598096863651"),
    ("443621199404183600", "51886832425489284519"),
    ("410403199809135496", "44189531287553183643"),
    ("410403199809135496", "51886832425489284519"),
    ("410403200208090426", "42499066310375129168"),
    ("410403200208090426", "56662355796479527897"),
    ("410403200208090426", "56662355796479527897"),
    ("221403199712107272", "75321607134197850664"),
    ("443403200912163551", "17412356166315835091"),
    ("221403200509160055", "71039393881290552759"),
    ("221403200509160055", "47470936198145013445"),
    ("221403200509160055", "30150253283329400412"),
    ("443403198110023490", "30150253283329400412"),
    ("410621200512095257", "75723410552876219353"),
    ("410621198110022904", "07813347247028905549"),
    ("443621200601136421", "34517430983446163772"),
    ("410403199701082563", "72408354356785434083"),
    ("221403200706045120", "55308503366747293258"),
    ("221403200706045120", "80609654652638888964"),
    ("221621199606173272", "71060853663009861662"),
    ("410621200612077327", "53367140841948678726"),
    ("221403199307151570", "20519395172542387563"),
    ("221403199307151570", "28695041294097390671"),
    ("410403199408124183", "30702861937475582188"),
    ("443403198612167869", "60721744540801877921"),
    ("443621198304118165", "51829740132367537065"),
    ("221403198905035420", "28701201404952195616"),
    ("221403198905035420", "28701201404952195616"),
    ("221621199803275659", "27891272302401212385"),
    ("221621199803275659", "27891272302401212385"),
    ("221621199803275659", "60618873687042835741"),
    ("221621199703081886", "08404513427696827546"),
    ("221621198101269982", "81385136791463284609"),
    ("443621200602011971", "88800317640360879972"),
    ("221621198807035898", "51829740132367537065"),
    ("221621198807035898", "51829740132367537065"),
    ("221621198807035898", "26813396842124423865"),
    ("410403198904096622", "26813396842124423865"),
    ("410403198904096622", "68690898419996693651"),
    ("221403199606022992", "44638951820016791091"),
    ("443403200201030419", "60160549134830396592"),
    ("443403200201030419", "27264520026234033142"),
    ("410621198302077775", "27264520026234033142"),
    ("410621198302077775", "57942711141115104817"),
    ("443621200306269035", "80338329288343598429"),
    ("410621199301281072", "51804923065416137920"),
    ("410621200407060468", "28188391952264284831"),
    ("443621199110287910", "63032957056253654363"),
    ("443403200112108270", "62528585130963909003"),
    ("221403200601190126", "39661177099934016042"),
    ("221403200111232627", "27581800682904697916"),
    ("221403200111232627", "10758630448638772980"),
    ("443403199706273133", "28351918710359650874"),
    ("443403199706273133", "62869725492403761161"),
    ("410621201001079612", "52078057697953855639"),
    ("410621201001079612", "30150253283329400412"),
    ("221621198706151472", "30150253283329400412"),
    ("443621200610106322", "13873228769728557329"),
    ("443403200003283100", "24094696288290962354"),
    ("221403198611088207", "06827661055992999181"),
    ("221621198905041042", "70316570646311093616"),
    ("410621200702051672", "80692448731708104085"),
    ("221403200904062015", "11391740539132730783"),
    ("443403200403287632", "15567361868661270166"),
    ("443403200403287632", "90449555051155312972"),
    ("410403199404111545", "73532810912508853225"),
    ("410403199404111545", "60478411444515715509"),
    ("410403199007148371", "33529172323114175884"),
    ("410621200806229764", "57961428448297351310"),
    ("410621200806229764", "32811866110354860875"),
    ("443621200307091939", "04600299683143948708"),
    ("410403199210041018", "09643525502719357426"),
    ("410403199210041018", "41934492004225652175"),
    ("221621200503048123", "54430187716308999921"),
    ("221621200503048123", "54430187716308999921"),
    ("443403198505236222", "89375683696085607608"),
    ("443403198505236222", "59034177768143801546"),
    ("443403199408210519", "59034177768143801546"),
    ("410621199412034175", "30782561669239747464"),
    ("410621199412034175", "62291313226666973214"),
    ("410403200702237187", "62291313226666973214"),
    ("410403200702237187", "75723410552876219353"),
    ("221621199905026845", "43670236043775814179"),
    ("221621199905026845", "06834925389789385643"),
    ("410621201003105918", "83952706275410855133"),
    ("410621201003105918", "83952706275410855133"),
    ("443621198611100605", "78097547161961490361"),
    ("443621198611100605", "78097547161961490361"),
    ("410403199212267440", "84601252476339195420"),
    ("410403199212267440", "59751449407718352867"),
    ("221403199802275551", "16870659517837788082"),
    ("410403199102034195", "85134235512833631407"),
    ("410403200006190654", "88800317640360879972"),
    ("410403200006190654", "58262254280234346094"),
    ("443403199404234202", "40649031126184739206"),
    ("443403199404234202", "27634353189209040048"),
    ("443403199208093387", "31099335992932274299"),
    ("443403199208093387", "27924430599060312850"),
    ("410403200111080209", "78486600251466457061"),
    ("443621201010024670", "69072438284959256581"),
    ("443621201010024670", "69072438284959256581"),
    ("410403198801210188", "69072438284959256581"),
    ("410621198604064697", "67945563674211619025"),
    ("410621198604064697", "75723410552876219353"),
    ("443403200003122092", "26391453180095309015"),
    ("221621199610084583", "26100130447205467348"),
    ("221403200408109925", "27382242413600738568"),
    ("221621198110217309", "27382242413600738568"),
    ("221621198110217309", "85701348442663798696"),
    ("221621198110217309", "85701348442663798696"),
    ("221621200307047007", "47470936198145013445"),
    ("410403199607156381", "37267367228008890047"),
    ("443403198107214625", "50610073001622878595"),
    ("443403198107214625", "23011909605154654875"),
    ("410403199608069300", "23011909605154654875"),
    ("410403199608069300", "33529172323114175884"),
    ("221403199809261088", "27634353189209040048"),
    ("443403199812220447", "16980560133239622762"),
    ("410621198903076769", "73030787513933496354"),
    ("221403200304288292", "08336249005799322527"),
    ("221403200304288292", "27382242413600738568"),
    ("443621200510119743", "49151576357062915467"),
    ("221403198607172104", "49151576357062915467"),
    ("221621200903155463", "92051566008244347176"),
    ("221621200903155463", "07534768885872761038"),
    ("221621200903155463", "24915825171096356648"),
    ("443621200712090919", "48613407089085397230"),
    ("410403201003028335", "80804326693996875681"),
    ("443621199603038190", "81740068795930001444"),
    ("443621199603038190", "51886832425489284519"),
    ("443621199603038190", "30370836356927186281"),
    ("221403200707086489", "79200157693408865683"),
    ("221403200707086489", "79200157693408865683"),
    ("221403199201134429", "24915825171096356648"),
    ("221403199201134429", "77149359514965246371"),
    ("221403199201134429", "77149359514965246371"),
    ("410403200908170634", "77149359514965246371"),
    ("410403200908170634", "92235734797948970280"),
    ("221621200305184152", "22536979423982857152"),
    ("221621200305184152", "60007377954785168437"),
    ("221621200811054110", "34533020594505756920"),
    ("410621200710191024", "80338329288343598429"),
    ("410621200710191024", "90960881306334531947"),
    ("410621198410121757", "20079865766996851554"),
    ("410621198410121757", "82279945361435316200"),
    ("221621198601127352", "43592837714154251911"),
    ("221403198505113766", "85171393714238770643"),
    ("221403198505113766", "18498820504448720513"),
    ("221403200612216922", "80338329288343598429"),
    ("221403200612216922", "27629219358513940148"),
    ("221621200504062043", "34517430983446163772"),
    ("221403198612050351", "84831780584535886954"),
    ("221403198612050351", "84831780584535886954"),
    ("443621199603037860", "38000198250389013059"),
    ("443621199603037860", "69004658738859431038"),
    ("410621200605131728", "44088301824916367750"),
    ("410403198101160248", "31099335992932274299"),
    ("221621199110186162", "31099335992932274299"),
    ("410621199512034865", "56770281357675636101"),
    ("410621199512034865", "27382242413600738568"),
    ("410621199407168896", "95418654655547309702"),
    ("221403198101255958", "11758818830864384745"),
    ("221403199611117670", "62024896042686019885"),
    ("443403200512037755", "44647790705702724592"),
    ("221621200311059506", "41251667949315476797"),
    ("443403199709269315", "16666064001433387623"),
    ("443403199709269315", "94148870040407101153"),
    ("221621201005125064", "94148870040407101153"),
    ("221621201005125064", "57770674363509177261"),
    ("410621200905100654", "76819927554413591878"),
    ("410621200905100654", "76819927554413591878"),
    ("443403200810106675", "45936238195129988482"),
    ("410621198005016478", "30782561669239747464"),
    ("410621200004084994", "77774425475917721215"),
    ("410621200004084994", "05266225774294041208"),
    ("410621199511186409", "22657568291048185378"),
    ("443403198506018123", "33529172323114175884"),
    ("221403198411278893", "56789041270174519472"),
    ("221403198411278893", "56789041270174519472"),
    ("410621198708190695", "38786706400208529457"),
    ("221621198906060302", "47649829207440510466"),
    ("443621201001191346", "71187469304939514015"),
    ("221403200703289741", "48613407089085397230"),
    ("221403200703289741", "61088172732168959190"),
    ("221403200703289741", "10758630448638772980"),
    ("410621198705207415", "10758630448638772980"),
    ("410621198705207415", "10758630448638772980"),
    ("410621198705207415", "10758630448638772980"),
    ("221403198308072287", "10758630448638772980"),
    ("410621200709236595", "40605255860866841202"),
    ("443403199506128804", "37417868680608028100"),
    ("443403198005135661", "58870485897768987693"),
    ("221621198108288305", "73727868621418244693");

insert into cus_and_loan (cust_customID, loan_loanIDX) values
    ("443621199910183503", "30047661571375135825"),
    ("221403198612050351", "30047661571375135825"),
    ("410403198012066307", "02010608592294943048"),
    ("221621200307047007", "02010608592294943048"),
    ("443403200803027463", "02010608592294943048"),
    ("443403200912163551", "84237310514645366582"),
    ("221621199610084583", "84237310514645366582"),
    ("443403198505236222", "88534672159484595074"),
    ("221621198906060302", "88534672159484595074"),
    ("410403198706244406", "88534672159484595074"),
    ("221621198108288305", "88534672159484595074"),
    ("410403199705013602", "57744940927065965755"),
    ("443403200112108270", "57744940927065965755"),
    ("221403199701165118", "57744940927065965755"),
    ("221403200612216922", "94031390501824797086"),
    ("221403198702264266", "94031390501824797086"),
    ("443403200912163551", "94031390501824797086"),
    ("221403200807132831", "30277548094911421609"),
    ("410403198101160248", "35002917383392076915"),
    ("410621200709236595", "35002917383392076915"),
    ("443403199506128804", "35002917383392076915"),
    ("221621198805157432", "35002917383392076915"),
    ("410403200907153418", "58426693279036507355"),
    ("443403200003122092", "58426693279036507355"),
    ("443403200101287786", "62337240106730536401"),
    ("410621199301281072", "62337240106730536401"),
    ("443621199405015134", "67360010789356033304"),
    ("221403198405073451", "29717202120623968877"),
    ("221621200305079510", "29717202120623968877"),
    ("443403200912163551", "29717202120623968877"),
    ("221621199503032835", "29717202120623968877"),
    ("221621200504062043", "29717202120623968877"),
    ("221403200706045120", "77300472252227916728"),
    ("221621198805257598", "77300472252227916728"),
    ("221621199610084583", "77300472252227916728"),
    ("221403199712120131", "07562166798639725548"),
    ("443403200403287632", "53232661829277541231"),
    ("410621200709236595", "53232661829277541231"),
    ("410621198007067756", "53232661829277541231"),
    ("221403198101255958", "71475582420820989488"),
    ("221621200202206724", "71475582420820989488"),
    ("221621200810032121", "71475582420820989488"),
    ("221403198008148429", "71475582420820989488"),
    ("410621200404154763", "71475582420820989488"),
    ("410403198402019687", "65206279115077808965"),
    ("443621199603037860", "65206279115077808965"),
    ("221621200208054464", "65206279115077808965"),
    ("410403198012066307", "88335879170181974718"),
    ("221403198905035420", "88335879170181974718"),
    ("221403200612216922", "88335879170181974718"),
    ("443403199506128804", "88335879170181974718"),
    ("221403200509160055", "25975800884096974842"),
    ("410621200309197836", "88859050877543296909"),
    ("410621200004084994", "98704136142496112727"),
    ("443621200309251122", "98704136142496112727"),
    ("221621200201255098", "98704136142496112727"),
    ("221403198507032389", "98704136142496112727"),
    ("221403200904062015", "98704136142496112727"),
    ("443403200211103296", "65079537339982733768"),
    ("221621200810032121", "65079537339982733768"),
    ("221621198805257598", "65079537339982733768"),
    ("410403199608069300", "65079537339982733768"),
    ("410621198912189002", "96852026735976045442"),
    ("443621200307091939", "96852026735976045442"),
    ("221403200306055188", "96852026735976045442"),
    ("443403200503013205", "96852026735976045442"),
    ("410621200605131728", "34923717982868089552"),
    ("443403198107214625", "34923717982868089552"),
    ("443621199404183600", "34923717982868089552"),
    ("410403201003028335", "34923717982868089552"),
    ("410621200905100654", "34923717982868089552"),
    ("221403199108272732", "08038987516752137602"),
    ("410621200512095257", "08038987516752137602"),
    ("221621199803275659", "08038987516752137602"),
    ("221403200707086489", "08038987516752137602"),
    ("221403200412018245", "08038987516752137602"),
    ("410621199605243763", "51151155040199962038"),
    ("221621198706151472", "51151155040199962038"),
    ("410403200908170634", "51151155040199962038"),
    ("410403200508148475", "51151155040199962038"),
    ("410403200908170634", "42713724230580424251"),
    ("221403200807113953", "12396357682634464608"),
    ("221403198905035420", "12396357682634464608"),
    ("410621198903035546", "12396357682634464608"),
    ("443621199405015134", "12031904826746118720"),
    ("221403199611117670", "12031904826746118720"),
    ("410621198110022904", "12031904826746118720"),
    ("221403200304288292", "12031904826746118720"),
    ("443403199506128804", "12031904826746118720"),
    ("221621200408079089", "29587025866332663560"),
    ("410621200309197836", "29587025866332663560"),
    ("410621198511181232", "29587025866332663560"),
    ("410621200407060468", "19889431165672189515"),
    ("221621199911227896", "19889431165672189515"),
    ("410621199103066589", "90590825464907205098"),
    ("221621198108288305", "90590825464907205098"),
    ("410403200208090426", "90590825464907205098"),
    ("443403199612017706", "90590825464907205098"),
    ("221403200111173626", "90590825464907205098"),
    ("221403198806106179", "13789280325881479407"),
    ("410621200408227945", "13789280325881479407"),
    ("443621199603038190", "13789280325881479407"),
    ("443621198501086461", "13789280325881479407"),
    ("410403200910194291", "75377212380825493412"),
    ("410403200907153418", "75377212380825493412"),
    ("410403200203264927", "75377212380825493412"),
    ("221621201008014661", "75377212380825493412"),
    ("221621198307274963", "75377212380825493412"),
    ("443403200211103296", "93884887608780484491"),
    ("221621200201255098", "93884887608780484491"),
    ("221403199809261088", "93884887608780484491"),
    ("221403199608156572", "79839882340338065826"),
    ("443403200912163551", "36855537447329605568"),
    ("410403200508148475", "60297539698416713225"),
    ("221621199210119080", "69606915164832865987"),
    ("221403198308072287", "44277302021812596245"),
    ("410403200609063075", "44277302021812596245"),
    ("221621199909105281", "44277302021812596245"),
    ("443621198012016814", "44277302021812596245"),
    ("410621198605093279", "44277302021812596245"),
    ("410403198010067261", "02711590384214776923"),
    ("410621200407060468", "02711590384214776923"),
    ("410403200111080209", "02711590384214776923"),
    ("221621198903014494", "02711590384214776923"),
    ("221621200408079089", "38479793191822535598"),
    ("410621198007067756", "38479793191822535598"),
    ("410621198705207415", "38479793191822535598"),
    ("410403198904096622", "38479793191822535598"),
    ("410403199701082563", "38479793191822535598"),
    ("221621198401013931", "38351131694848601951"),
    ("410621199605243763", "38351131694848601951"),
    ("443621200402082420", "38351131694848601951"),
    ("410403200609063075", "88166414949090424489"),
    ("443403200201030419", "88166414949090424489"),
    ("221403198101255958", "80633156920722596738"),
    ("410403198807279677", "80633156920722596738"),
    ("221403199307151570", "80633156920722596738"),
    ("410621198302219752", "80633156920722596738"),
    ("443403198512045015", "53542924612990877662"),
    ("221403198505113766", "53542924612990877662"),
    ("410621198412285386", "53542924612990877662"),
    ("410621199301281072", "53542924612990877662"),
    ("221621198108288305", "53542924612990877662"),
    ("410403198101160248", "90563825686090693447"),
    ("221621198905041042", "90563825686090693447"),
    ("221403198611088207", "84337664332312262111"),
    ("221403199809261088", "84337664332312262111"),
    ("410621199407168896", "84337664332312262111"),
    ("410621198903035546", "84337664332312262111"),
    ("221621199905026845", "69452947106110945052"),
    ("221621200202051408", "69452947106110945052"),
    ("410403198610259786", "69452947106110945052"),
    ("410621199511186409", "69452947106110945052"),
    ("410403200907153418", "69452947106110945052"),
    ("221403199201134429", "03665627305244998662"),
    ("221403200110109464", "03665627305244998662"),
    ("221621200504062043", "43679994244174864358"),
    ("221621199412205296", "43679994244174864358"),
    ("221621198307274963", "43679994244174864358"),
    ("410621200407060468", "43679994244174864358"),
    ("221621199606173272", "43679994244174864358"),
    ("221621199110186162", "66264917633908997478"),
    ("221403198401133416", "66264917633908997478"),
    ("410621198708190695", "99516167362754975093"),
    ("221403199809261088", "99516167362754975093"),
    ("443403198312251121", "99516167362754975093"),
    ("221403199901178075", "99516167362754975093"),
    ("443621200402082420", "20673233759227204476"),
    ("221403200306055188", "20673233759227204476"),
    ("221403200601190126", "20673233759227204476"),
    ("443621201010024670", "20673233759227204476"),
    ("410403200906050947", "47753097882885719674"),
    ("221621199607236450", "47753097882885719674"),
    ("221403198806106179", "47753097882885719674"),
    ("410621198005016478", "47753097882885719674"),
    ("221403198702264266", "08261917115055286048"),
    ("221621199412205296", "84166335512877586574"),
    ("443621200510119743", "84166335512877586574"),
    ("221621201005082748", "84166335512877586574"),
    ("410403199701082563", "84166335512877586574"),
    ("221403199701165118", "47842221153700422128"),
    ("443403198506018123", "47842221153700422128"),
    ("443403200003283100", "47842221153700422128"),
    ("443621201008030553", "47842221153700422128"),
    ("443621200307091939", "48979502949432602059"),
    ("221403200705272442", "48979502949432602059"),
    ("410403200006190654", "48979502949432602059"),
    ("443403199812220447", "48979502949432602059"),
    ("221621199911227896", "48979502949432602059"),
    ("410403200609063075", "57563502848589286702"),
    ("221621200503150200", "57563502848589286702"),
    ("443621200803202384", "91261432851395248816"),
    ("443621200412162561", "91261432851395248816"),
    ("410403199102034195", "91261432851395248816"),
    ("221403200706045120", "61169420181749635606"),
    ("410403199906128961", "61169420181749635606"),
    ("410403198905106385", "61169420181749635606"),
    ("410403199009074804", "04906086282732425465"),
    ("221403200703289741", "04906086282732425465"),
    ("221403199611117670", "04906086282732425465"),
    ("221621199101220563", "04906086282732425465"),
    ("443403198506018123", "04906086282732425465"),
    ("410621199301281072", "31079433891806227937"),
    ("221403198411278893", "31079433891806227937"),
    ("410621198006283675", "31079433891806227937"),
    ("410621198207048577", "31079433891806227937"),
    ("443403198405117725", "31079433891806227937"),
    ("410403199807022186", "77152552416229098851"),
    ("221403200409234374", "98190176899899358664"),
    ("410403198707071435", "98190176899899358664"),
    ("410621199305105447", "98190176899899358664"),
    ("221621200502025779", "98190176899899358664"),
    ("410621198110214044", "98190176899899358664"),
    ("410621200612077327", "86265289809138804029"),
    ("443403199709269315", "86265289809138804029"),
    ("410403198706244406", "86265289809138804029"),
    ("410403199102034195", "86265289809138804029"),
    ("221403199606022992", "86265289809138804029"),
    ("410621200612077327", "79069047721616174645"),
    ("443621199405015134", "79069047721616174645"),
    ("410403199705013602", "79069047721616174645"),
    ("410621200709184105", "79069047721616174645"),
    ("221621198807035898", "79069047721616174645"),
    ("221621198108288305", "26607523101140440941"),
    ("410403199312215294", "26607523101140440941"),
    ("443403198107241160", "26607523101140440941"),
    ("221403200612216922", "89403485700837602285"),
    ("221621198805257598", "89403485700837602285"),
    ("443621199603037860", "89403485700837602285"),
    ("443621200406019981", "58064420503470501896"),
    ("221621199812225242", "12845448191846475724"),
    ("410403199404111545", "12845448191846475724"),
    ("410403200702237187", "72501047631635335270"),
    ("410621200004084994", "72501047631635335270"),
    ("410621198511181232", "72501047631635335270"),
    ("221403198405073451", "54300510863782437989"),
    ("410403199906128961", "54300510863782437989"),
    ("443403200109050090", "54300510863782437989"),
    ("221403200509160055", "54300510863782437989"),
    ("221621200202051408", "54300510863782437989"),
    ("221621201005082748", "32723128728927688903"),
    ("443403198405117725", "32723128728927688903"),
    ("443403200004069265", "32723128728927688903"),
    ("443403200403287632", "32723128728927688903"),
    ("221403200706045120", "32723128728927688903"),
    ("410403198812167797", "36835282480897710910"),
    ("443403198612167869", "18781828768912987275"),
    ("443403199902052336", "18781828768912987275"),
    ("410621199511186409", "18781828768912987275"),
    ("221621198307274963", "61199270963621441980"),
    ("443403198612167869", "61199270963621441980"),
    ("443621200307091939", "58449715104302470768"),
    ("410621198110022904", "58449715104302470768"),
    ("410621199407168896", "58449715104302470768"),
    ("410403200203264927", "58449715104302470768"),
    ("221403200111232627", "58449715104302470768"),
    ("221621199210119080", "02436610550447500021"),
    ("410403198706244406", "02436610550447500021"),
    ("410403200005022374", "02436610550447500021"),
    ("410621200710191024", "92529479569384185136"),
    ("410621198310246715", "89533721600211110699"),
    ("410621198302077775", "89533721600211110699"),
    ("443403198506018123", "89533721600211110699"),
    ("410621200404154763", "89533721600211110699"),
    ("443621200712090919", "56346847609987902303"),
    ("410621200709184105", "49833150689858345589"),
    ("443621200412162561", "49833150689858345589"),
    ("410621200709184105", "48519467412137869932"),
    ("221403198111243183", "06664120460472616823"),
    ("443403200201030419", "06664120460472616823"),
    ("443403200211103296", "06664120460472616823"),
    ("410621198104022298", "06664120460472616823"),
    ("443403200512037755", "06664120460472616823"),
    ("443403199208093387", "50671029278805799194"),
    ("221621199606173272", "50671029278805799194"),
    ("410403198304176369", "50671029278805799194"),
    ("443403200512037755", "50671029278805799194"),
    ("443403200112108270", "67018719102414552779"),
    ("443403200503013205", "67018719102414552779"),
    ("443403200412051860", "89495331983855263709"),
    ("221621198401013931", "14215403363213848980"),
    ("221403199906253879", "14215403363213848980"),
    ("443621200402082420", "10113214960659921146"),
    ("443403199812220447", "10113214960659921146"),
    ("221403200806076319", "10113214960659921146"),
    ("221403200706045120", "10113214960659921146"),
    ("410403200702237187", "89229769474088259540"),
    ("410403199705013602", "89229769474088259540"),
    ("443621200309251122", "89229769474088259540"),
    ("221403199901178075", "89229769474088259540"),
    ("443403200006177077", "42898064819068590411"),
    ("443621199203097860", "42898064819068590411"),
    ("410621198605093279", "42898064819068590411"),
    ("221403200409234374", "42898064819068590411"),
    ("410403198904096622", "37460801652471819158"),
    ("410403199408124183", "34778279725242688161"),
    ("410621199008159963", "34778279725242688161"),
    ("221621198110217309", "25988137027144125574"),
    ("221621198807035898", "25988137027144125574"),
    ("410403198707071435", "25988137027144125574"),
    ("221403198806106179", "25988137027144125574"),
    ("410621199008110715", "25988137027144125574"),
    ("443403198512045015", "57859607401396243808"),
    ("221403198607172104", "57859607401396243808"),
    ("221621198803267630", "66847126170698132853"),
    ("443403200003122092", "71324070366674138543"),
    ("443621199404183600", "87763994579594669581"),
    ("221621198110217309", "87763994579594669581"),
    ("221621199610084583", "87763994579594669581"),
    ("443621201001191346", "87763994579594669581"),
    ("221403199608156572", "87763994579594669581"),
    ("443621200602011971", "80109987816934884116"),
    ("410403200906050947", "21268897922452906723"),
    ("221621198101269982", "21268897922452906723"),
    ("221621200811054110", "77955072258739377237"),
    ("221403198905035420", "77955072258739377237"),
    ("221403200110109464", "77955072258739377237"),
    ("410621201002125313", "57060860374603948165"),
    ("410621199705242059", "57060860374603948165"),
    ("221621198307214002", "57060860374603948165"),
    ("410621198903076769", "57060860374603948165"),
    ("443403199102184997", "57060860374603948165"),
    ("221403200601190126", "03859954579775394552"),
    ("410621198912189002", "03859954579775394552"),
    ("410621199108128402", "03859954579775394552"),
    ("410621200109090106", "11141345340679082753"),
    ("221403200612216922", "11141345340679082753"),
    ("443621200302110386", "11141345340679082753"),
    ("221621199210119080", "11141345340679082753"),
    ("443403198201028315", "63833262847135011286"),
    ("410403200906054901", "63833262847135011286"),
    ("443403200003122092", "73853870390288512155"),
    ("410621200612077327", "73853870390288512155"),
    ("221403198008148429", "73853870390288512155"),
    ("410403200208090426", "99691495996648321362"),
    ("221403200412018245", "99691495996648321362"),
    ("443621199910183503", "99691495996648321362"),
    ("410403199607156381", "99691495996648321362"),
    ("443621199603038190", "79022497533690485875"),
    ("221621200903155463", "79022497533690485875"),
    ("443403200412051860", "68939283811114426116"),
    ("443403199706273133", "68939283811114426116"),
    ("221621198905041042", "68939283811114426116"),
    ("410621200004084994", "58841683948306223225"),
    ("410403200906050947", "47421336918152743341"),
    ("221403200111173626", "33031226903359986527"),
    ("443621200803202384", "33031226903359986527"),
    ("410403200006189779", "33031226903359986527"),
    ("221621198903014494", "33031226903359986527"),
    ("221621199902083299", "48760845059174718775"),
    ("443403199408210519", "48760845059174718775"),
    ("221621199412205296", "48760845059174718775"),
    ("443621198604232224", "48760845059174718775"),
    ("221403199307151570", "48760845059174718775"),
    ("221621198110217309", "26986900445066841115"),
    ("410403198904096622", "26986900445066841115"),
    ("410403200203264927", "26986900445066841115"),
    ("443403199812220447", "26986900445066841115"),
    ("443403200201030419", "26986900445066841115"),
    ("443621200712090919", "69436560614106481818"),
    ("410403199607156381", "69436560614106481818"),
    ("221403200807113953", "69436560614106481818"),
    ("443403200211103296", "69436560614106481818"),
    ("443621200601136421", "69436560614106481818"),
    ("443403200412051860", "52590476299461912972"),
    ("410621200210269155", "19868042537543132745"),
    ("410621200612077327", "19868042537543132745"),
    ("410621198912189002", "19868042537543132745"),
    ("410621199108128402", "80523662992347376801"),
    ("410403200908170634", "80523662992347376801"),
    ("410621201001079612", "80523662992347376801"),
    ("221403200807113953", "80523662992347376801"),
    ("443621200309251122", "80523662992347376801"),
    ("410403199007148371", "27406942290223865428"),
    ("443403198511054911", "27406942290223865428"),
    ("221621200308085814", "27406942290223865428"),
    ("410621198605093279", "27406942290223865428"),
    ("443621200601136421", "27406942290223865428"),
    ("443621199910183503", "41076728429553174043"),
    ("410403199408124183", "41076728429553174043"),
    ("443403200006177077", "11891022277404877885"),
    ("221403198611088207", "11891022277404877885"),
    ("410403200907153418", "11891022277404877885"),
    ("221403198111243183", "11891022277404877885"),
    ("410403199007148371", "11891022277404877885"),
    ("443403200809166654", "40429750652344903911"),
    ("221621200811054110", "40429750652344903911"),
    ("410621199103066589", "40429750652344903911"),
    ("221403200806076319", "22474120999658427074"),
    ("410403198402019687", "22474120999658427074"),
    ("410621198105112062", "22474120999658427074"),
    ("410403199009074804", "22474120999658427074"),
    ("410403201003028335", "29151623959828707434"),
    ("410621200512095257", "29151623959828707434"),
    ("221621200504196553", "29151623959828707434"),
    ("221403199906253879", "65788927336629045473"),
    ("221403200601190126", "65788927336629045473"),
    ("443403199706273133", "65788927336629045473"),
    ("221403200304288292", "65788927336629045473"),
    ("443403199506128804", "53533350259978149153"),
    ("410621198003087211", "53533350259978149153"),
    ("410403199701082563", "53533350259978149153"),
    ("443403198107214625", "03017336922098263247"),
    ("410621198302219752", "99447533250835291588"),
    ("221403200705272442", "99447533250835291588"),
    ("410621198608028620", "99447533250835291588"),
    ("443621200803202384", "99447533250835291588"),
    ("221403200111232627", "99447533250835291588"),
    ("443621200309251122", "18745643255229630736"),
    ("221621200504196553", "18745643255229630736"),
    ("443621199110287910", "18745643255229630736"),
    ("221621198101269982", "18745643255229630736"),
    ("443403200912163551", "18745643255229630736"),
    ("443403198107241160", "88192441196987480584"),
    ("221403200807132831", "88192441196987480584"),
    ("221621199101220563", "88192441196987480584"),
    ("410403199804195990", "88192441196987480584"),
    ("410621201001079612", "88192441196987480584"),
    ("443403198312251121", "88812303871330428242"),
    ("410403198208146624", "88812303871330428242"),
    ("221403198812180188", "88812303871330428242"),
    ("221621198101269982", "88812303871330428242"),
    ("410403199807022186", "24452428872837798732"),
    ("443621200108206099", "29491978032174294305"),
    ("410621199108128402", "29491978032174294305"),
    ("221403198507032389", "29491978032174294305"),
    ("443621199203097860", "03380095275263228926"),
    ("221403200306055188", "03380095275263228926"),
    ("221403198611088207", "03380095275263228926"),
    ("410621198310246715", "67025482576114507222"),
    ("443621199910183503", "67025482576114507222"),
    ("221403199906253879", "67025482576114507222"),
    ("221621199101220563", "67025482576114507222"),
    ("221621198307274963", "09047944345087600888"),
    ("221403200509160055", "09047944345087600888"),
    ("221403200707086489", "09047944345087600888"),
    ("221403200705272442", "09047944345087600888"),
    ("443403199812220447", "09047944345087600888"),
    ("221621198110217309", "49589089593334400265"),
    ("410403200208090426", "49589089593334400265"),
    ("221621198307214002", "49589089593334400265"),
    ("410621199412034175", "66534992400767718725"),
    ("410403200910194291", "66534992400767718725"),
    ("410403199210041018", "66534992400767718725"),
    ("221403200807132831", "52888031069945104091"),
    ("221621200311059506", "52888031069945104091"),
    ("221403198111243183", "52888031069945104091"),
    ("221403199906253879", "00749792969895025937"),
    ("443621199405015134", "00749792969895025937"),
    ("221621199607236450", "00749792969895025937"),
    ("410403200006190654", "83277460350439594251"),
    ("410403200906054901", "83277460350439594251"),
    ("410403198801210188", "83277460350439594251"),
    ("410621199709026628", "98849097380546886701"),
    ("410621200512095257", "98849097380546886701"),
    ("221621198803267630", "98849097380546886701"),
    ("443403198607113082", "98849097380546886701"),
    ("410403198208146624", "98849097380546886701"),
    ("221621201008014661", "07024015992305657085"),
    ("221403200707086489", "07024015992305657085"),
    ("410621200806229764", "10862823386199552542"),
    ("410403200006190654", "22835871935806016177"),
    ("221621198110217309", "22835871935806016177"),
    ("221403198607172104", "22835871935806016177"),
    ("443621199603038190", "22835871935806016177"),
    ("410621198105112062", "22835871935806016177"),
    ("221621198903014494", "35665660770035963837"),
    ("221621200311059506", "35665660770035963837"),
    ("221621200305079510", "35665660770035963837"),
    ("410403199312215294", "53883501817978027621"),
    ("443403198607113082", "53883501817978027621"),
    ("443403200912163551", "53883501817978027621"),
    ("443621200302110386", "15409303670367342195"),
    ("410403199309256501", "36995265581263460415"),
    ("221403200111173626", "78073186264684960527"),
    ("221621199803275659", "78073186264684960527"),
    ("410403199607156381", "78073186264684960527"),
    ("221621198906060302", "78073186264684960527"),
    ("443621201010024670", "78073186264684960527"),
    ("443403199902052336", "60889419754477806001"),
    ("443403200003122092", "60889419754477806001"),
    ("221621200308085814", "60889419754477806001"),
    ("221621200305184152", "60889419754477806001"),
    ("410403198101160248", "60889419754477806001"),
    ("410403200012197000", "66678778357793717520"),
    ("443621200803202384", "66678778357793717520"),
    ("443403198512045015", "66678778357793717520"),
    ("410403200006189779", "66678778357793717520"),
    ("410403200907153418", "66678778357793717520"),
    ("221403200702145212", "85300513173188824588"),
    ("443621200307091939", "85300513173188824588"),
    ("443403200503013205", "85300513173188824588"),
    ("410403199102034195", "85300513173188824588"),
    ("221403200806076319", "85300513173188824588"),
    ("410621199705242059", "81512874250858605148"),
    ("221403200706045120", "81512874250858605148"),
    ("221403199809261088", "71268359789114195806"),
    ("221621198805157432", "71268359789114195806"),
    ("443403199208093387", "71268359789114195806"),
    ("443621200601136421", "71268359789114195806"),
    ("410403198208146624", "27812074816900103339"),
    ("221403200110109464", "27812074816900103339"),
    ("410621199108128402", "27812074816900103339"),
    ("221621201005082748", "05819869791936504451"),
    ("443403200101287786", "05819869791936504451"),
    ("221403198610242749", "05819869791936504451"),
    ("221621200503150200", "05819869791936504451"),
    ("221403198008148429", "01115734587868306674"),
    ("410621199511186409", "01115734587868306674"),
    ("410403200005022374", "01115734587868306674"),
    ("221621198401013931", "57678624362359789379"),
    ("221621199703081886", "57678624362359789379"),
    ("410403199110191595", "72279158686706595668"),
    ("410621199512034865", "72279158686706595668"),
    ("221403199901178075", "72279158686706595668"),
    ("221621199909105281", "72279158686706595668"),
    ("221403198907275530", "34324692006240190515"),
    ("443403198005135661", "34324692006240190515"),
    ("221403200904062015", "34324692006240190515"),
    ("221621200307047007", "34324692006240190515"),
    ("443403199706273133", "34324692006240190515"),
    ("221403199712120131", "69462459557020711837"),
    ("221621200307047007", "69462459557020711837"),
    ("221621198512038430", "69462459557020711837"),
    ("221403198401133416", "69462459557020711837"),
    ("443403198312251121", "05452346138477917365"),
    ("221403199906253879", "28656957347161837675"),
    ("443621200406019981", "06875597041383364006"),
    ("410403200111080209", "89212550013237337734"),
    ("410621200408227945", "89212550013237337734"),
    ("221621200305079510", "89212550013237337734"),
    ("443403200412051860", "19334657227332051963"),
    ("221621200201255098", "19889702558464268560"),
    ("221403201004044340", "19889702558464268560"),
    ("443621201001191346", "19889702558464268560"),
    ("443403200503013205", "19889702558464268560"),
    ("221403199011254336", "19889702558464268560"),
    ("410403200910194291", "93914363871083244395"),
    ("221621198108288305", "93914363871083244395"),
    ("443621199910183503", "67423672551010753819"),
    ("221621199110186162", "67423672551010753819"),
    ("443403200503013205", "67423672551010753819"),
    ("410403199110191595", "67423672551010753819"),
    ("443621199203097860", "53956502822448012612"),
    ("410621199301281072", "53956502822448012612"),
    ("410621198708190695", "53956502822448012612"),
    ("443403200503013205", "53956502822448012612"),
    ("443621198611100605", "53956502822448012612"),
    ("443621198304118165", "63711517444097385315"),
    ("410621200806229764", "63711517444097385315"),
    ("221621200202206724", "63711517444097385315"),
    ("410621199705242059", "63711517444097385315"),
    ("221621198906060302", "78414458042921530764"),
    ("410621199305105447", "13136907786351153134"),
    ("410621200408227945", "08281641497276696239"),
    ("221403198610242749", "08281641497276696239"),
    ("221621200502025779", "08281641497276696239"),
    ("221621200202051408", "08281641497276696239"),
    ("410403199408124183", "64888456460634360232"),
    ("443621199110287910", "64888456460634360232"),
    ("410621199008159963", "64888456460634360232"),
    ("410621198302077775", "64888456460634360232"),
    ("443403198512045015", "62401024516947225283"),
    ("410621198410121757", "62401024516947225283"),
    ("221621199812225242", "62401024516947225283"),
    ("221621198706151472", "62401024516947225283"),
    ("410621199605243763", "64622979039965277925"),
    ("410403198101160248", "64622979039965277925"),
    ("410621199008159963", "56861076465048042262"),
    ("410403200906054901", "56861076465048042262"),
    ("443403198110023490", "56861076465048042262"),
    ("410403200805039137", "56861076465048042262"),
    ("221403198505113766", "80155080485974008204"),
    ("221403200807132831", "80155080485974008204"),
    ("443621200406019981", "80155080485974008204"),
    ("443403200810106675", "57813016051660640906"),
    ("410621200605015361", "78982352864674132636"),
    ("221403199712120131", "78982352864674132636"),
    ("221621198512038430", "49280223767938320306"),
    ("410621200605131728", "49280223767938320306"),
    ("410403198304176369", "49280223767938320306"),
    ("221403200904062015", "49280223767938320306"),
    ("443621200406019981", "63106588631216297431"),
    ("221621199606173272", "63106588631216297431"),
    ("410621198302219752", "63106588631216297431"),
    ("443403200006177077", "63106588631216297431"),
    ("410403199607156381", "63106588631216297431"),
    ("221621200202206724", "65046756782114172894"),
    ("410403200609063075", "65046756782114172894"),
    ("443621200309251122", "65046756782114172894"),
    ("221621199303267938", "65046756782114172894"),
    ("410403198905106385", "03179127057134966232"),
    ("410621198708190695", "03179127057134966232"),
    ("221621198401013931", "03179127057134966232"),
    ("221621199911227896", "12505685564726447482"),
    ("221621200307047007", "13857395585276250702"),
    ("221403199906253879", "13857395585276250702"),
    ("443621201009232852", "13857395585276250702"),
    ("221621198110217309", "97696746105718482503"),
    ("443403200112108270", "97696746105718482503"),
    ("410403200908170634", "31871615165178374294"),
    ("443621200510119743", "17442229656678158657"),
    ("221621198706151472", "17442229656678158657"),
    ("443403198511054911", "75507063133910935026"),
    ("443403198405117725", "75507063133910935026"),
    ("410621200709236595", "75507063133910935026"),
    ("443621198909273913", "75507063133910935026"),
    ("410621198302219752", "18462732346996513338"),
    ("443621198611100605", "97356640912381129329"),
    ("443621200510119743", "97356640912381129329"),
    ("410403199102034195", "97356640912381129329"),
    ("443621200712090919", "97356640912381129329"),
    ("221621198108288305", "97356640912381129329"),
    ("443403199709269315", "07983119470918510956"),
    ("221621199610084583", "07983119470918510956"),
    ("221621198601127352", "07983119470918510956"),
    ("443621200108206099", "07983119470918510956"),
    ("410403198101160248", "31488371236319069232"),
    ("443403200803027463", "31488371236319069232"),
    ("443621200108206099", "18637914371627858359"),
    ("221403200702145212", "18637914371627858359"),
    ("410621199512034865", "18637914371627858359"),
    ("221403199906253879", "18637914371627858359"),
    ("221403198612050351", "18637914371627858359"),
    ("410621201001079612", "75927865653211282443"),
    ("221403199802275551", "75927865653211282443"),
    ("221621199101220563", "75927865653211282443"),
    ("410403199007148371", "75927865653211282443"),
    ("221403198610242749", "75927865653211282443"),
    ("221403200110109464", "98194486807730724440"),
    ("443403199408210519", "98194486807730724440"),
    ("410403199312215294", "98194486807730724440"),
    ("443621200402082420", "98194486807730724440"),
    ("410403199607156381", "04177289351757039260"),
    ("410403199009074804", "04177289351757039260"),
    ("410621198310246715", "04177289351757039260"),
    ("221621199607236450", "04177289351757039260"),
    ("410403199804195990", "67183404087360621540"),
    ("410621198410121757", "67183404087360621540"),
    ("221621198108288305", "67183404087360621540"),
    ("410621200605015361", "47354480022639421177"),
    ("410621198604064697", "47354480022639421177"),
    ("410621198105112062", "08736814148218971190"),
    ("221621199303267938", "08736814148218971190"),
    ("221403198405073451", "08736814148218971190"),
    ("410621198912189002", "08736814148218971190"),
    ("410621200512095257", "13666716494294031437"),
    ("443403199208093387", "13666716494294031437"),
    ("443403200109050090", "13666716494294031437"),
    ("221403198907275530", "47955915290052038889"),
    ("410403198010067261", "47955915290052038889"),
    ("410621200709236595", "47955915290052038889"),
    ("443621201009232852", "47955915290052038889"),
    ("443403200512037755", "13124655941740846147"),
    ("221621198307214002", "13124655941740846147"),
    ("410403200111080209", "13124655941740846147"),
    ("221621199210119080", "13124655941740846147"),
    ("221621200810032121", "90967160782210046986"),
    ("443403199612017706", "90967160782210046986"),
    ("221403200110109464", "92224112916651821995"),
    ("410621200109090106", "92224112916651821995"),
    ("443621201001191346", "92224112916651821995"),
    ("443403200006177077", "35335151530134331479"),
    ("410621198605093279", "35335151530134331479"),
    ("221403198806106179", "35335151530134331479"),
    ("221403198101255958", "08720376440261154250"),
    ("410403200508148475", "08720376440261154250"),
    ("410621201003105918", "08720376440261154250"),
    ("410621200710191024", "08720376440261154250"),
    ("443403198110023490", "08720376440261154250"),
    ("410621200407060468", "45954279588466190161"),
    ("410403198905106385", "45954279588466190161"),
    ("221621198805257598", "45954279588466190161"),
    ("221403198505113766", "45954279588466190161"),
    ("410621198006283675", "45954279588466190161"),
    ("443621201001191346", "72420464407169665558"),
    ("221621201001185043", "72420464407169665558"),
    ("221403198405073451", "72420464407169665558"),
    ("221621200307047007", "72420464407169665558"),
    ("410403198012066307", "57119485685519648984"),
    ("221403199201134429", "57119485685519648984"),
    ("410403198707071435", "57119485685519648984"),
    ("410403198812167797", "59416237967893658103"),
    ("221621200202051408", "59416237967893658103"),
    ("443621200302110386", "59416237967893658103"),
    ("443403199506128804", "59416237967893658103"),
    ("221621200810032121", "79796922151636680750"),
    ("221621200504062043", "99492492856477674608"),
    ("410403198707071435", "99492492856477674608"),
    ("410621200512095257", "99492492856477674608"),
    ("443403198607113082", "95964791261370089724"),
    ("221403199608156572", "95964791261370089724"),
    ("221403200807132831", "95964791261370089724"),
    ("443403200512037755", "95964791261370089724"),
    ("443621200309251122", "72177523952847270320"),
    ("221403198008148429", "72177523952847270320"),
    ("443403199102184997", "72177523952847270320"),
    ("221403200904062015", "72177523952847270320"),
    ("221621201008014661", "80501388057478931969"),
    ("443403200403287632", "80501388057478931969"),
    ("410403200906050947", "80501388057478931969"),
    ("410403200012197000", "80501388057478931969"),
    ("221621199412205296", "80501388057478931969"),
    ("221621198401013931", "27025098489979873106"),
    ("410403198402019687", "27025098489979873106"),
    ("221403201004044340", "03114406415456206662"),
    ("443621198607247256", "03114406415456206662"),
    ("410621198006283675", "03114406415456206662"),
    ("410403200907153418", "03114406415456206662"),
    ("410403200006190654", "03114406415456206662"),
    ("443403200403287632", "38556736812321991331"),
    ("410403198402019687", "38556736812321991331"),
    ("410403198908112121", "38556736812321991331"),
    ("410403200609063075", "54439495144044022918"),
    ("221403198702264266", "54439495144044022918"),
    ("221621200202051408", "54439495144044022918"),
    ("221621199902083299", "00001292328441708300"),
    ("443621198304118165", "00001292328441708300"),
    ("221621198110217309", "00001292328441708300"),
    ("221403198505113766", "40268596148746193597"),
    ("410621200408227945", "40268596148746193597"),
    ("221403199108272732", "40268596148746193597"),
    ("221621199905026845", "96467604045443786738"),
    ("443621200311146277", "96467604045443786738"),
    ("221403199802275551", "96467604045443786738"),
    ("221621198401013931", "96467604045443786738"),
    ("443403200109050090", "96467604045443786738"),
    ("221621200811054110", "42653898000789023610"),
    ("221621199101160877", "42653898000789023610"),
    ("443403199902052336", "32844959731377422214"),
    ("410403200910194291", "32844959731377422214"),
    ("443621200309251122", "32844959731377422214"),
    ("410621200702051672", "81167376628826084261"),
    ("410403199007148371", "81167376628826084261"),
    ("221621199905026845", "81167376628826084261"),
    ("221403199909186085", "64661209262806246182"),
    ("443621200610106322", "64661209262806246182"),
    ("443403200112108270", "64661209262806246182"),
    ("443621200311146277", "86578038994249406184"),
    ("410621199008159963", "86578038994249406184"),
    ("410621200709236595", "86578038994249406184"),
    ("221403199608156572", "03510352694485317990"),
    ("221621201005125064", "03510352694485317990"),
    ("221621198401013931", "72609668775180101836"),
    ("221621198307274963", "72609668775180101836"),
    ("410621198608028620", "72609668775180101836"),
    ("221403200807132831", "75372227277151746365"),
    ("221403200904062015", "75372227277151746365"),
    ("221621199210119080", "75372227277151746365"),
    ("221621198101269982", "75372227277151746365"),
    ("443621198909273913", "79468395017744242134"),
    ("410621198604064697", "79468395017744242134"),
    ("410621199511186409", "79468395017744242134"),
    ("410403200203264927", "79468395017744242134"),
    ("443621201010024670", "35702897730325948874"),
    ("410403198402019687", "47650652930673372253"),
    ("443621200412162561", "47650652930673372253"),
    ("410403199705013602", "47650652930673372253"),
    ("443403200803027463", "55575087655672624739"),
    ("221621198101269982", "55575087655672624739"),
    ("443621201009232852", "55575087655672624739"),
    ("443403199404234202", "55575087655672624739"),
    ("410403198610259786", "83298302645971388332"),
    ("410403199906128961", "83298302645971388332"),
    ("221621199606173272", "83298302645971388332"),
    ("221403199011254336", "83298302645971388332"),
    ("443403199506128804", "51099440994040323945"),
    ("221621199610084583", "51099440994040323945"),
    ("410403200012197000", "51099440994040323945"),
    ("221621199303267938", "51099440994040323945"),
    ("410621200612077327", "51099440994040323945"),
    ("443403199404234202", "41157214780386146793"),
    ("221621199101160877", "41157214780386146793"),
    ("221403200111173626", "41157214780386146793"),
    ("221621199911227896", "41157214780386146793"),
    ("410403199701082563", "41157214780386146793"),
    ("443621200311146277", "61853532675585328395"),
    ("221621199803275659", "32658834265041473770"),
    ("221403200409234374", "32658834265041473770"),
    ("443403199306274728", "46540040510746293523"),
    ("410621201001079612", "46540040510746293523"),
    ("221403200509160055", "46540040510746293523"),
    ("221403198806106179", "39253941822677207406"),
    ("221403198607172104", "39253941822677207406"),
    ("410403198101160248", "39253941822677207406"),
    ("221403198907275530", "39253941822677207406"),
    ("410403200006189779", "90046737548758598564"),
    ("410621201002125313", "90046737548758598564"),
    ("410621200408227945", "90046737548758598564"),
    ("221403198806106179", "90046737548758598564"),
    ("221621198803267630", "02463031087402485704"),
    ("410403200906054901", "02463031087402485704"),
    ("410621199008159963", "02463031087402485704"),
    ("443621200803202384", "02463031087402485704"),
    ("221621199101160877", "83493990733005880702"),
    ("443403200211103296", "83493990733005880702"),
    ("410621200710191024", "83493990733005880702"),
    ("410403198707071435", "13882409469575315355"),
    ("443621200406019981", "13882409469575315355"),
    ("443403199404234202", "13882409469575315355"),
    ("410403200005022374", "36546478843664450493"),
    ("410403199007148371", "36546478843664450493"),
    ("443403200912163551", "36546478843664450493"),
    ("221621201008014661", "25416537585912928680"),
    ("221403198905035420", "25416537585912928680"),
    ("410621201003105918", "25416537585912928680"),
    ("410621199301281072", "25416537585912928680"),
    ("221621200311059506", "26758849964591951612"),
    ("221621200903155463", "54376151696306766226"),
    ("221621198905041042", "10250899205217519237"),
    ("221621200202206724", "10250899205217519237"),
    ("410403199807022186", "10250899205217519237"),
    ("410621200404154763", "10250899205217519237"),
    ("221621198307214002", "10250899205217519237"),
    ("410403198905106385", "98976608470880717587"),
    ("221621199703081886", "98976608470880717587"),
    ("410403198807279677", "98976608470880717587"),
    ("221403198607172104", "92712988985003758418"),
    ("443621200302110386", "92712988985003758418"),
    ("410403200805054031", "92712988985003758418"),
    ("443621198801194903", "70684332792331017266"),
    ("410621199407168896", "09385497276134175394"),
    ("443403200003122092", "09385497276134175394"),
    ("443621198604232224", "85280487778650737314"),
    ("221403200705272442", "85280487778650737314"),
    ("221403200412018245", "85280487778650737314"),
    ("221621200311059506", "38799898386719912569"),
    ("410621199008110715", "38799898386719912569"),
    ("221621200202206724", "38799898386719912569"),
    ("410403198801210188", "42863090127465596504"),
    ("410621199705242059", "42863090127465596504"),
    ("410403198707071435", "42863090127465596504"),
    ("221621199803275659", "10288988818515074350"),
    ("410403200907153418", "10288988818515074350"),
    ("221621200202206724", "14038746525198951960"),
    ("443621199603038190", "14038746525198951960"),
    ("410403199608069300", "86971432268140601192"),
    ("443621200302110386", "34810355855545894441"),
    ("410621200605131728", "34810355855545894441"),
    ("443621199404183600", "34810355855545894441"),
    ("410621198903035546", "58761794197558317993"),
    ("443621199110287910", "70096872335754969292"),
    ("221621198307274963", "70096872335754969292"),
    ("410403200111080209", "70096872335754969292"),
    ("221403200409234374", "70096872335754969292"),
    ("443621200406019981", "70096872335754969292"),
    ("221621198401013931", "69201439440328602660"),
    ("443621200712090919", "69201439440328602660"),
    ("443403199902052336", "69201439440328602660"),
    ("410621199008110715", "69201439440328602660"),
    ("443403198511054911", "69201439440328602660"),
    ("221621200208054464", "41704327610308362894"),
    ("410621201002125313", "41704327610308362894"),
    ("410621198708190695", "76250987053515047473"),
    ("410621198110022904", "76250987053515047473"),
    ("221621198307274963", "76250987053515047473"),
    ("221403199901178075", "76250987053515047473"),
    ("410621198006283675", "76250987053515047473"),
    ("443403199902052336", "70089551691656579034"),
    ("410403198905106385", "70089551691656579034"),
    ("410403199007148371", "70089551691656579034"),
    ("221403199809261088", "70089551691656579034"),
    ("443621198012016814", "70089551691656579034"),
    ("221403198610242749", "27197567011903417826"),
    ("410621198511181232", "27197567011903417826"),
    ("443403198506018123", "27197567011903417826"),
    ("221403198812180188", "27197567011903417826"),
    ("443403198201028315", "42031552921091745840"),
    ("410621198412285386", "19838454143313774442"),
    ("410621200109090106", "19838454143313774442"),
    ("410403200805039137", "19838454143313774442"),
    ("221621198601127352", "19838454143313774442"),
    ("221403199909186085", "34991529382846779925"),
    ("443621198801194903", "86487769370587595154"),
    ("410403198101272779", "86487769370587595154"),
    ("443403200004069265", "86487769370587595154"),
    ("410621201003105918", "02268029496204895795"),
    ("410621199008159963", "02268029496204895795"),
    ("221403198111243183", "02268029496204895795"),
    ("221621199303267938", "02268029496204895795"),
    ("443403198506018123", "38414569000483605963"),
    ("410621198903076769", "38414569000483605963"),
    ("221403198111243183", "38414569000483605963"),
    ("221621198903014494", "38414569000483605963"),
    ("221621201005082748", "27719705210985518230"),
    ("443403198505236222", "01525544790118629457"),
    ("443403198107214625", "01525544790118629457"),
    ("410403198905106385", "01525544790118629457"),
    ("410621200004084994", "01525544790118629457"),
    ("410621198104022298", "01525544790118629457"),
    ("221403199901178075", "07949212739181224091"),
    ("410621198903035546", "07949212739181224091"),
    ("410403198801210188", "07949212739181224091"),
    ("410621199103066589", "28431636458989400734"),
    ("410403198402019687", "28431636458989400734"),
    ("410621200605015361", "25650701099105389099"),
    ("443403199912241146", "25650701099105389099"),
    ("221403198008148429", "25650701099105389099"),
    ("410403199309256501", "25650701099105389099"),
    ("443403200006177077", "25650701099105389099"),
    ("410621198006283675", "40128665218778461799"),
    ("443403198505236222", "40128665218778461799"),
    ("221403200702145212", "40128665218778461799"),
    ("410621198903035546", "19594726242466226372"),
    ("410403200906054901", "19594726242466226372"),
    ("221621199101220563", "19594726242466226372"),
    ("221621199905026845", "19594726242466226372"),
    ("443403198512045015", "19594726242466226372"),
    ("221403198806106179", "03746736662066991584"),
    ("443403200109050090", "27899060206186502921"),
    ("221403199906253879", "27899060206186502921"),
    ("221621200503048123", "27899060206186502921"),
    ("443403200912163551", "27899060206186502921"),
    ("443403200809166654", "78639609790090728650"),
    ("443621201009232852", "78639609790090728650"),
    ("410403200906054901", "78639609790090728650"),
    ("221621199909105281", "07948533002921579992"),
    ("410621199705242059", "07948533002921579992"),
    ("410403198905106385", "07948533002921579992"),
    ("443403199709269315", "07948533002921579992"),
    ("221621198803267630", "29523571611481915050"),
    ("221403199201134429", "29523571611481915050"),
    ("221621199812225242", "29523571611481915050"),
    ("410621198007067756", "29523571611481915050"),
    ("443403200803027463", "29523571611481915050"),
    ("221403200904062015", "96966627785999092082"),
    ("443403200912163551", "96966627785999092082"),
    ("221403200705272442", "02416858815906826914"),
    ("410403199312215294", "02416858815906826914"),
    ("410403200012197000", "02416858815906826914"),
    ("221621198108288305", "02416858815906826914"),
    ("410403199102034195", "12132654667711779163"),
    ("410621198410121757", "12132654667711779163"),
    ("443621199910183503", "12132654667711779163"),
    ("221403199201134429", "08476547777930509733"),
    ("410621201002125313", "08476547777930509733"),
    ("410403200111080209", "08476547777930509733"),
    ("221621199101220563", "92733259373232424356"),
    ("410621201003105918", "92733259373232424356"),
    ("443621200712090919", "92733259373232424356"),
    ("410403199212267440", "92733259373232424356"),
    ("443621201010024670", "92733259373232424356"),
    ("410621198310246715", "23678853482210409972"),
    ("410403199705013602", "23678853482210409972"),
    ("443403198506018123", "09813794315480564381"),
    ("443403199408210519", "09813794315480564381"),
    ("410621198105112062", "09813794315480564381"),
    ("221403199802275551", "09813794315480564381"),
    ("221403200706045120", "09813794315480564381"),
    ("221621200208054464", "57423666340310927238"),
    ("410403200908170634", "44737912851760212290"),
    ("410621200210269155", "16481619171556567295"),
    ("443403199902052336", "16481619171556567295"),
    ("221403199108272732", "22348826542858093439"),
    ("221621200201255098", "22348826542858093439"),
    ("221403200111173626", "22348826542858093439"),
    ("221621200311059506", "16929491194911796671"),
    ("443621201001191346", "62546362451978042631"),
    ("221621200503048123", "33411676090719373947"),
    ("410403198101272779", "39426685583203298703"),
    ("221621199803275659", "39426685583203298703"),
    ("410621198604064697", "39426685583203298703"),
    ("443621199405015134", "39426685583203298703"),
    ("221621198307274963", "23224838540930673418"),
    ("443403199306274728", "23224838540930673418"),
    ("410621200407060468", "45677245052692090066"),
    ("443403198505236222", "45677245052692090066"),
    ("443403199102184997", "39038360750354215709"),
    ("221403201004044340", "39038360750354215709"),
    ("410621200404154763", "39038360750354215709"),
    ("221621199303267938", "39038360750354215709"),
    ("221621200408079089", "06634706336704806869"),
    ("410403198801210188", "46197681367557333553"),
    ("221403198308072287", "87707863999552792129"),
    ("443403200101287786", "69058996419899124603"),
    ("443621200601136421", "69058996419899124603"),
    ("443403199912241146", "05524407347520035867"),
    ("410621200806229764", "05524407347520035867"),
    ("221403200306055188", "88001904636984346258"),
    ("443621200307091939", "88001904636984346258"),
    ("443403200003283100", "88001904636984346258"),
    ("443403198512045015", "75525570662372976471"),
    ("221403199307151570", "09167117440650084011"),
    ("221403200705272442", "09167117440650084011"),
    ("443403200211103296", "95322205571300026383"),
    ("410621200612077327", "08280739796610074084"),
    ("221403198905035420", "08280739796610074084"),
    ("221621199902083299", "06906415383467637964"),
    ("221621198706151472", "65319348099430730526"),
    ("443403199912241146", "00841656222108265705"),
    ("221403201004044340", "00841656222108265705"),
    ("410403198911117861", "59718223542424933624"),
    ("443621200307091939", "30360952606221621947"),
    ("410621200004084994", "30360952606221621947"),
    ("221621200311059506", "30360952606221621947"),
    ("221403200412018245", "97991649068446377882"),
    ("221621199909105281", "97991649068446377882"),
    ("221621198706151472", "97991649068446377882"),
    ("221621200810032121", "01303781002049550916"),
    ("443621200309251122", "01303781002049550916"),
    ("443403199709269315", "01303781002049550916"),
    ("443621199702029603", "01303781002049550916"),
    ("410403198101160248", "79210843046394155306"),
    ("443403199812220447", "88379959754437010412"),
    ("221621200503150200", "88379959754437010412"),
    ("443621200412162561", "88379959754437010412"),
    ("221621200208054464", "88379959754437010412"),
    ("221403199909186085", "79199904536692568738"),
    ("410403198012066307", "79199904536692568738"),
    ("443621200311146277", "79199904536692568738"),
    ("221403199901178075", "79199904536692568738"),
    ("221621198706151472", "79199904536692568738"),
    ("221403200612216922", "20686943687377134039"),
    ("221403199605036001", "20686943687377134039"),
    ("443621199210037173", "20686943687377134039"),
    ("410621198912189002", "60831016272077965773"),
    ("410621198705207415", "87314356007885267163"),
    ("221403199201134429", "87314356007885267163"),
    ("410621199605243763", "87314356007885267163"),
    ("221621198601127352", "87314356007885267163"),
    ("410621199305105447", "87314356007885267163"),
    ("221621198512038430", "79295576726625671160"),
    ("443403198506018123", "79295576726625671160"),
    ("410621199407168896", "79295576726625671160"),
    ("410403200907153418", "79295576726625671160"),
    ("443621200601136421", "31976061406954064091"),
    ("221621200202206724", "31976061406954064091"),
    ("410621198104022298", "31976061406954064091"),
    ("443621198909273913", "31976061406954064091"),
    ("443621200601136421", "07231291513559133356"),
    ("410621200210269155", "93315194994613876460"),
    ("221621200504062043", "93315194994613876460"),
    ("221403200806076319", "93315194994613876460"),
    ("221621200903155463", "93315194994613876460"),
    ("410403199701082563", "93315194994613876460"),
    ("410621198608028620", "44225956176905055553"),
    ("410621200408227945", "44225956176905055553"),
    ("443621201001191346", "44225956176905055553"),
    ("443621198611100605", "56587144905510369140"),
    ("221403200408109925", "56587144905510369140"),
    ("221621199902083299", "56587144905510369140"),
    ("443403198312251121", "52320796428961896139"),
    ("221621199905026845", "33098372002036217331"),
    ("410403200006189779", "79860185312863340641"),
    ("443403199612017706", "79860185312863340641"),
    ("221403198607172104", "79860185312863340641"),
    ("410621198207048577", "33587072232589628375"),
    ("221403199108272732", "49712188446368662597"),
    ("221403198101255958", "81507005216842165938"),
    ("221403199605036001", "04376627905296739923"),
    ("221621199412205296", "04796578756975652470"),
    ("443621200406019981", "11383614930585781571"),
    ("443621198501086461", "11383614930585781571"),
    ("443621200307091939", "11383614930585781571"),
    ("221621200305079510", "11383614930585781571"),
    ("221621200503150200", "67878161135604620295"),
    ("221621199703081886", "04851309575240335865");

insert into depositAccount (cusA_accountIDX, currency, interest) values
    ("17109478420777063682", "SGD", 1.11),
    ("27924430599060312850", "USD", 1.11),
    ("91506447526566436953", "HKD", 2.23),
    ("30945599321689202449", "HKD", 3.23),
    ("57036661051703301220", "USD", 2.45),
    ("51804923065416137920", "RMB", 2.45),
    ("11391740539132730783", "HKD", 0.80),
    ("61088172732168959190", "HKD", 1.11),
    ("89802594228643433020", "SGD", 2.45),
    ("15567361868661270166", "SGD", 2.23),
    ("54012324699309320072", "RMB", 2.45),
    ("19149829309413365887", "USD", 0.80),
    ("07852922253871077757", "RMB", 2.23),
    ("79172921777442400512", "USD", 0.80),
    ("61963477645570664697", "USD", 0.80),
    ("96690199748372803182", "RMB", 1.11),
    ("94882348962603199690", "USD", 2.23),
    ("20734930875003572775", "RMB", 4.45),
    ("66511809216884654019", "HKD", 4.45),
    ("30150253283329400412", "SGD", 3.23),
    ("39973402764410879763", "SGD", 2.23),
    ("09839362550445693047", "SGD", 3.23),
    ("20079865766996851554", "HKD", 1.11),
    ("36815862599740694535", "RMB", 3.23),
    ("53367140841948678726", "USD", 4.45),
    ("85044388617738788906", "SGD", 3.23),
    ("49841401761800822552", "RMB", 0.80),
    ("32718388341843139713", "HKD", 3.23),
    ("31099335992932274299", "USD", 0.80),
    ("04491140351104407823", "SGD", 0.80),
    ("79236979702417433867", "HKD", 2.45),
    ("90410402170682754864", "HKD", 2.23),
    ("64028140982382185552", "RMB", 2.23),
    ("39787308994590392640", "SGD", 0.80),
    ("42757880741421260070", "USD", 2.23),
    ("81740068795930001444", "RMB", 2.23),
    ("92226350318623158201", "USD", 2.45),
    ("88893948611963019797", "RMB", 0.80),
    ("22657568291048185378", "SGD", 3.23),
    ("33529172323114175884", "HKD", 2.45),
    ("79642055580223318430", "HKD", 1.11),
    ("27891272302401212385", "RMB", 2.45),
    ("00656851411236346492", "RMB", 0.80),
    ("32491945091117195010", "HKD", 1.11),
    ("47640874417533539374", "SGD", 3.23),
    ("41125583927967724206", "HKD", 2.45),
    ("60160549134830396592", "HKD", 1.11),
    ("87508336127014388341", "RMB", 1.11),
    ("88800317640360879972", "RMB", 2.45),
    ("78701954253244005112", "SGD", 0.80),
    ("22379745250943398828", "USD", 2.23),
    ("47218005262606181671", "SGD", 1.11),
    ("88541125907059565616", "SGD", 3.23),
    ("51908984168035367645", "HKD", 0.80),
    ("78800235063784061660", "USD", 4.45),
    ("41251667949315476797", "RMB", 2.23),
    ("14686584168413221444", "HKD", 2.45),
    ("89141194481606352500", "SGD", 2.23),
    ("03219699665059592635", "USD", 2.23),
    ("60009866585814460831", "RMB", 0.80),
    ("51776837705813866661", "SGD", 1.11),
    ("26549505290632149118", "RMB", 2.45),
    ("85701348442663798696", "USD", 0.80),
    ("93413279925506802881", "RMB", 1.11),
    ("68318917184931112832", "SGD", 4.45),
    ("26781345492771313624", "HKD", 4.45),
    ("20812324489577368508", "RMB", 2.23),
    ("43702410708862285200", "USD", 2.23),
    ("54755139213529557554", "SGD", 1.11),
    ("73748439787672542603", "SGD", 2.23),
    ("76482016598096863651", "SGD", 3.23),
    ("51886832425489284519", "RMB", 2.45),
    ("44189531287553183643", "HKD", 2.45),
    ("75321607134197850664", "RMB", 4.45),
    ("71039393881290552759", "USD", 2.23),
    ("75723410552876219353", "SGD", 0.80),
    ("07813347247028905549", "RMB", 2.23),
    ("34517430983446163772", "USD", 2.45),
    ("55308503366747293258", "SGD", 4.45),
    ("80609654652638888964", "HKD", 0.80),
    ("20519395172542387563", "USD", 3.23),
    ("28695041294097390671", "SGD", 3.23),
    ("30702861937475582188", "USD", 2.45),
    ("51829740132367537065", "USD", 3.23),
    ("28701201404952195616", "USD", 2.23),
    ("60618873687042835741", "RMB", 3.23),
    ("08404513427696827546", "SGD", 3.23),
    ("81385136791463284609", "RMB", 1.11),
    ("26813396842124423865", "RMB", 3.23),
    ("68690898419996693651", "USD", 0.80),
    ("27264520026234033142", "RMB", 4.45),
    ("28188391952264284831", "USD", 2.23),
    ("63032957056253654363", "RMB", 2.23),
    ("27581800682904697916", "HKD", 3.23),
    ("10758630448638772980", "RMB", 2.23),
    ("62869725492403761161", "SGD", 1.11),
    ("52078057697953855639", "RMB", 4.45),
    ("13873228769728557329", "SGD", 2.45),
    ("24094696288290962354", "HKD", 2.45),
    ("06827661055992999181", "SGD", 3.23),
    ("80692448731708104085", "SGD", 3.23),
    ("90449555051155312972", "HKD", 2.45),
    ("60478411444515715509", "RMB", 1.11),
    ("57961428448297351310", "SGD", 2.23),
    ("32811866110354860875", "USD", 0.80),
    ("04600299683143948708", "RMB", 2.45),
    ("09643525502719357426", "USD", 3.23),
    ("41934492004225652175", "RMB", 2.23),
    ("54430187716308999921", "RMB", 1.11),
    ("89375683696085607608", "HKD", 0.80),
    ("59034177768143801546", "USD", 0.80),
    ("62291313226666973214", "USD", 2.45),
    ("43670236043775814179", "SGD", 4.45),
    ("83952706275410855133", "SGD", 1.11),
    ("78097547161961490361", "RMB", 2.45),
    ("59751449407718352867", "USD", 0.80),
    ("16870659517837788082", "HKD", 2.45),
    ("85134235512833631407", "RMB", 3.23),
    ("58262254280234346094", "RMB", 3.23),
    ("40649031126184739206", "SGD", 2.23),
    ("27634353189209040048", "HKD", 0.80),
    ("78486600251466457061", "SGD", 3.23),
    ("67945563674211619025", "RMB", 4.45),
    ("26391453180095309015", "RMB", 2.23),
    ("26100130447205467348", "USD", 2.23),
    ("37267367228008890047", "HKD", 2.23),
    ("23011909605154654875", "HKD", 4.45),
    ("16980560133239622762", "USD", 1.11),
    ("73030787513933496354", "USD", 1.11),
    ("49151576357062915467", "HKD", 0.80),
    ("07534768885872761038", "RMB", 2.45),
    ("24915825171096356648", "RMB", 2.45),
    ("48613407089085397230", "SGD", 1.11),
    ("80804326693996875681", "HKD", 0.80),
    ("30370836356927186281", "SGD", 1.11),
    ("79200157693408865683", "SGD", 1.11),
    ("77149359514965246371", "HKD", 2.45),
    ("92235734797948970280", "SGD", 0.80),
    ("60007377954785168437", "SGD", 1.11),
    ("34533020594505756920", "SGD", 3.23),
    ("90960881306334531947", "USD", 0.80),
    ("43592837714154251911", "HKD", 2.45),
    ("18498820504448720513", "RMB", 3.23),
    ("27629219358513940148", "USD", 4.45),
    ("84831780584535886954", "USD", 3.23),
    ("69004658738859431038", "SGD", 0.80),
    ("44088301824916367750", "RMB", 4.45),
    ("11758818830864384745", "HKD", 1.11),
    ("44647790705702724592", "USD", 2.23),
    ("94148870040407101153", "RMB", 1.11),
    ("45936238195129988482", "HKD", 3.23),
    ("77774425475917721215", "HKD", 2.45),
    ("05266225774294041208", "RMB", 1.11),
    ("56789041270174519472", "USD", 0.80),
    ("38786706400208529457", "HKD", 2.45),
    ("71187469304939514015", "SGD", 4.45),
    ("40605255860866841202", "RMB", 4.45),
    ("37417868680608028100", "SGD", 2.45);

insert into loan (loanIDX, staf_staffID, bran_branchName, loanDate, loanAmount) values
    ("30047661571375135825", "221403200704209077", "SHB", "2018-11-10", 61000),
    ("02010608592294943048", "410403199912135987", "SHB", "2020-5-10", 44000),
    ("84237310514645366582", "410403198909022969", "AHB", "2017-2-19", 50000),
    ("88534672159484595074", "410621199706040024", "SHB", "2020-11-9", 69000),
    ("57744940927065965755", "410621199706040024", "AHB", "2019-6-6", 87000),
    ("94031390501824797086", "221403198310282003", "SHB", "2019-2-10", 63000),
    ("30277548094911421609", "410403200311109317", "SHB", "2017-9-17", 65000),
    ("35002917383392076915", "443621200701135219", "AHB", "2017-6-23", 78000),
    ("58426693279036507355", "443403199501240257", "SHB", "2019-3-10", 79000),
    ("62337240106730536401", "410403200205137845", "AHB", "2018-10-20", 95000),
    ("67360010789356033304", "221403200605056052", "SHB", "2020-4-25", 56000),
    ("29717202120623968877", "221403200605056052", "AHB", "2019-7-19", 5000),
    ("77300472252227916728", "221403198310282003", "BJB", "2018-9-18", 34000),
    ("07562166798639725548", "443403198401021191", "BJB", "2018-11-3", 54000),
    ("53232661829277541231", "410621199004068996", "AHB", "2020-1-3", 95000),
    ("71475582420820989488", "410403200311109317", "BJB", "2018-3-14", 52000),
    ("65206279115077808965", "410621198701078872", "AHB", "2017-8-12", 100000),
    ("88335879170181974718", "221403198707119110", "AHB", "2020-4-1", 57000),
    ("25975800884096974842", "443403200906142782", "SHB", "2018-12-9", 86000),
    ("88859050877543296909", "221403198402074734", "SHB", "2018-9-12", 51000),
    ("98704136142496112727", "443403200906142782", "BJB", "2018-6-15", 46000),
    ("65079537339982733768", "221403198707119110", "BJB", "2019-11-7", 10000),
    ("96852026735976045442", "221621198804275299", "SHB", "2018-9-15", 9000),
    ("34923717982868089552", "410621199612163479", "AHB", "2020-6-4", 14000),
    ("08038987516752137602", "443403198401021191", "SHB", "2018-9-15", 27000),
    ("51151155040199962038", "443403198002265736", "BJB", "2018-2-23", 87000),
    ("42713724230580424251", "410403201008149306", "AHB", "2018-8-15", 15000),
    ("12396357682634464608", "443621199507283622", "BJB", "2020-6-24", 32000),
    ("12031904826746118720", "410403198909022969", "BJB", "2017-6-24", 19000),
    ("29587025866332663560", "410621199203033794", "SHB", "2018-5-25", 37000),
    ("19889431165672189515", "443621199507283622", "SHB", "2017-12-22", 41000),
    ("90590825464907205098", "410621200812066613", "SHB", "2019-5-2", 54000),
    ("13789280325881479407", "443403200501092511", "SHB", "2019-11-7", 79000),
    ("75377212380825493412", "443621200910222464", "BJB", "2018-9-20", 27000),
    ("93884887608780484491", "221403198310282003", "BJB", "2020-12-22", 76000),
    ("79839882340338065826", "443621199507283622", "AHB", "2018-8-26", 60000),
    ("36855537447329605568", "443621198405243523", "BJB", "2018-5-14", 12000),
    ("60297539698416713225", "443403200501092511", "SHB", "2017-11-18", 4000),
    ("69606915164832865987", "410621198102239516", "BJB", "2019-8-22", 40000),
    ("44277302021812596245", "410403200604220460", "SHB", "2017-4-15", 5000),
    ("02711590384214776923", "410403198502239605", "AHB", "2020-10-14", 12000),
    ("38479793191822535598", "410621200812066613", "SHB", "2019-8-3", 83000),
    ("38351131694848601951", "443621198405243523", "AHB", "2020-11-18", 95000),
    ("88166414949090424489", "410403200602056756", "AHB", "2020-1-5", 21000),
    ("80633156920722596738", "410403198909022969", "SHB", "2017-8-12", 92000),
    ("53542924612990877662", "410621199612163479", "BJB", "2017-10-19", 30000),
    ("90563825686090693447", "410403201003121479", "AHB", "2018-8-27", 27000),
    ("84337664332312262111", "410621199004068996", "BJB", "2020-1-7", 2000),
    ("69452947106110945052", "410403200205137845", "BJB", "2018-4-1", 56000),
    ("03665627305244998662", "410621199706040024", "AHB", "2018-10-10", 17000),
    ("43679994244174864358", "221403198803217246", "SHB", "2018-12-15", 14000),
    ("66264917633908997478", "410621198102239516", "SHB", "2018-2-14", 96000),
    ("99516167362754975093", "410621198003211377", "BJB", "2020-1-26", 64000),
    ("20673233759227204476", "443403200011135482", "AHB", "2017-12-2", 25000),
    ("47753097882885719674", "410621199902257806", "AHB", "2020-2-20", 80000),
    ("08261917115055286048", "443403200011135482", "SHB", "2020-5-26", 24000),
    ("84166335512877586574", "410403200205137845", "BJB", "2020-10-27", 39000),
    ("47842221153700422128", "410621199004068996", "BJB", "2019-11-23", 60000),
    ("48979502949432602059", "443621198609082879", "SHB", "2018-7-15", 82000),
    ("57563502848589286702", "410403200802041533", "AHB", "2020-3-14", 48000),
    ("91261432851395248816", "410403198909022969", "SHB", "2019-5-10", 37000),
    ("61169420181749635606", "410621199004068996", "SHB", "2018-3-17", 58000),
    ("04906086282732425465", "221403198803217246", "AHB", "2017-7-23", 52000),
    ("31079433891806227937", "410621199902257806", "SHB", "2019-1-20", 7000),
    ("77152552416229098851", "443621198609082879", "BJB", "2020-10-22", 57000),
    ("98190176899899358664", "221403200605056052", "SHB", "2020-5-25", 28000),
    ("86265289809138804029", "221403198402074734", "BJB", "2019-9-20", 100000),
    ("79069047721616174645", "410621199203033794", "AHB", "2020-10-4", 59000),
    ("26607523101140440941", "221403200006182494", "BJB", "2017-1-14", 19000),
    ("89403485700837602285", "443403200011135482", "SHB", "2017-5-18", 87000),
    ("58064420503470501896", "221403198310282003", "AHB", "2018-1-22", 34000),
    ("12845448191846475724", "443621200701135219", "AHB", "2019-3-7", 40000),
    ("72501047631635335270", "221403198402074734", "BJB", "2017-3-19", 11000),
    ("54300510863782437989", "443403200906142782", "AHB", "2019-11-4", 28000),
    ("32723128728927688903", "410621199612163479", "SHB", "2020-10-24", 23000),
    ("36835282480897710910", "443621200701135219", "SHB", "2020-4-4", 56000),
    ("18781828768912987275", "410403198909022969", "SHB", "2017-1-7", 7000),
    ("61199270963621441980", "410403198909022969", "SHB", "2019-5-27", 3000),
    ("58449715104302470768", "443621199507283622", "BJB", "2020-2-8", 82000),
    ("02436610550447500021", "410621198102239516", "AHB", "2020-6-7", 48000),
    ("92529479569384185136", "221403198707119110", "BJB", "2019-6-25", 84000),
    ("89533721600211110699", "443403198401021191", "AHB", "2019-3-5", 75000),
    ("56346847609987902303", "443403200501092511", "SHB", "2018-1-27", 12000),
    ("49833150689858345589", "410621199612163479", "AHB", "2018-4-11", 95000),
    ("48519467412137869932", "410403199912135987", "BJB", "2017-6-23", 24000),
    ("06664120460472616823", "410621199612163479", "AHB", "2020-8-19", 20000),
    ("50671029278805799194", "221403200006182494", "AHB", "2017-7-13", 84000),
    ("67018719102414552779", "410403200209235078", "AHB", "2018-11-1", 70000),
    ("89495331983855263709", "221403198310282003", "SHB", "2017-9-8", 95000),
    ("14215403363213848980", "410403200604220460", "BJB", "2017-6-14", 31000),
    ("10113214960659921146", "221621198804275299", "SHB", "2018-6-20", 54000),
    ("89229769474088259540", "221403198310282003", "AHB", "2017-9-25", 74000),
    ("42898064819068590411", "410403200209235078", "AHB", "2018-4-3", 22000),
    ("37460801652471819158", "443403198401021191", "BJB", "2020-8-18", 48000),
    ("34778279725242688161", "410621198102239516", "SHB", "2018-7-7", 18000),
    ("25988137027144125574", "410403198909022969", "SHB", "2017-6-7", 99000),
    ("57859607401396243808", "221403200812151794", "BJB", "2018-1-13", 37000),
    ("66847126170698132853", "443403198002265736", "BJB", "2017-10-8", 62000),
    ("71324070366674138543", "410403199605212257", "SHB", "2017-6-27", 79000),
    ("87763994579594669581", "410621199706040024", "BJB", "2019-8-13", 73000),
    ("80109987816934884116", "443621200503161853", "BJB", "2019-8-10", 14000),
    ("21268897922452906723", "221621200911224556", "SHB", "2018-8-20", 71000),
    ("77955072258739377237", "221621198804275299", "BJB", "2019-5-5", 16000),
    ("57060860374603948165", "443621200910222464", "SHB", "2018-5-12", 92000),
    ("03859954579775394552", "410403200205137845", "AHB", "2020-7-11", 54000),
    ("11141345340679082753", "410621199401158755", "AHB", "2017-7-7", 45000),
    ("63833262847135011286", "221403199903262148", "AHB", "2018-3-10", 9000),
    ("73853870390288512155", "410403199912135987", "SHB", "2019-3-17", 6000),
    ("99691495996648321362", "443621198609082879", "BJB", "2018-5-20", 10000),
    ("79022497533690485875", "443621200701135219", "BJB", "2018-2-18", 71000),
    ("68939283811114426116", "410403200209235078", "AHB", "2020-9-16", 84000),
    ("58841683948306223225", "410403200604220460", "AHB", "2020-6-3", 77000),
    ("47421336918152743341", "410621199004068996", "AHB", "2019-4-27", 6000),
    ("33031226903359986527", "410621199902257806", "AHB", "2018-12-20", 7000),
    ("48760845059174718775", "443403199502112828", "AHB", "2017-1-20", 80000),
    ("26986900445066841115", "221403198803217246", "SHB", "2018-8-20", 70000),
    ("69436560614106481818", "410403201003121479", "SHB", "2018-7-14", 60000),
    ("52590476299461912972", "443621200701135219", "AHB", "2017-2-23", 36000),
    ("19868042537543132745", "410621198807011407", "BJB", "2017-1-12", 47000),
    ("80523662992347376801", "410403198502239605", "AHB", "2019-9-27", 45000),
    ("27406942290223865428", "410621198701078872", "AHB", "2019-10-22", 57000),
    ("41076728429553174043", "410403200604220460", "AHB", "2019-11-21", 82000),
    ("11891022277404877885", "443403198002265736", "AHB", "2020-10-10", 37000),
    ("40429750652344903911", "410621198102239516", "BJB", "2018-12-8", 3000),
    ("22474120999658427074", "443621200701135219", "BJB", "2019-10-26", 57000),
    ("29151623959828707434", "443403199502112828", "BJB", "2019-3-23", 41000),
    ("65788927336629045473", "221403199903262148", "AHB", "2017-11-1", 50000),
    ("53533350259978149153", "410621199203033794", "BJB", "2018-6-6", 88000),
    ("03017336922098263247", "221403198803217246", "SHB", "2018-1-11", 20000),
    ("99447533250835291588", "410621198102239516", "BJB", "2018-2-4", 98000),
    ("18745643255229630736", "221621198804275299", "AHB", "2017-4-20", 98000),
    ("88192441196987480584", "410621200812066613", "BJB", "2019-1-7", 43000),
    ("88812303871330428242", "443621199901128865", "AHB", "2017-1-21", 8000),
    ("24452428872837798732", "410621199706040024", "AHB", "2019-6-10", 39000),
    ("29491978032174294305", "410403200604220460", "BJB", "2019-4-17", 75000),
    ("03380095275263228926", "410403199605212257", "AHB", "2020-11-8", 2000),
    ("67025482576114507222", "410621199902257806", "AHB", "2018-1-1", 53000),
    ("09047944345087600888", "410621199203033794", "AHB", "2017-1-8", 96000),
    ("49589089593334400265", "410621200812066613", "BJB", "2019-12-25", 7000),
    ("66534992400767718725", "410403199605212257", "AHB", "2017-10-5", 81000),
    ("52888031069945104091", "443403199502112828", "BJB", "2018-4-9", 93000),
    ("00749792969895025937", "410403198502239605", "BJB", "2018-8-18", 16000),
    ("83277460350439594251", "410403199912135987", "AHB", "2017-4-6", 14000),
    ("98849097380546886701", "410403200602056756", "BJB", "2019-8-8", 10000),
    ("07024015992305657085", "410621198701078872", "BJB", "2017-12-6", 64000),
    ("10862823386199552542", "410403200209235078", "BJB", "2018-1-16", 40000),
    ("22835871935806016177", "410403200604220460", "BJB", "2017-2-13", 83000),
    ("35665660770035963837", "410403200604220460", "AHB", "2019-12-12", 68000),
    ("53883501817978027621", "410621200812066613", "SHB", "2020-3-7", 39000),
    ("15409303670367342195", "221403198310282003", "AHB", "2020-3-8", 36000),
    ("36995265581263460415", "410621198003211377", "BJB", "2017-9-13", 61000),
    ("78073186264684960527", "443403199502112828", "BJB", "2020-12-1", 44000),
    ("60889419754477806001", "221403198310282003", "BJB", "2019-11-23", 90000),
    ("66678778357793717520", "221403198310282003", "SHB", "2019-9-27", 5000),
    ("85300513173188824588", "443403199502112828", "BJB", "2019-1-21", 4000),
    ("81512874250858605148", "410403201003121479", "BJB", "2020-5-26", 100000),
    ("71268359789114195806", "443621198609082879", "BJB", "2019-12-23", 85000),
    ("27812074816900103339", "221403199903262148", "SHB", "2020-7-12", 48000),
    ("05819869791936504451", "221403198310282003", "BJB", "2020-3-6", 38000),
    ("01115734587868306674", "410403199912135987", "SHB", "2020-7-7", 28000),
    ("57678624362359789379", "221403198310282003", "SHB", "2018-12-24", 29000),
    ("72279158686706595668", "410621198003211377", "BJB", "2019-6-20", 27000),
    ("34324692006240190515", "221403200812151794", "SHB", "2017-3-22", 75000),
    ("69462459557020711837", "410621198807011407", "BJB", "2018-3-18", 63000),
    ("05452346138477917365", "443621199507283622", "AHB", "2020-4-8", 41000),
    ("28656957347161837675", "410403201003121479", "SHB", "2018-12-17", 96000),
    ("06875597041383364006", "410621198102239516", "BJB", "2019-3-6", 73000),
    ("89212550013237337734", "410403200311109317", "SHB", "2019-8-20", 79000),
    ("19334657227332051963", "410403199605212257", "SHB", "2020-6-26", 42000),
    ("19889702558464268560", "410403200802041533", "SHB", "2018-10-22", 3000),
    ("93914363871083244395", "221403198803217246", "SHB", "2019-8-17", 92000),
    ("67423672551010753819", "410621200812066613", "AHB", "2018-12-13", 15000),
    ("53956502822448012612", "410621199706040024", "SHB", "2017-5-20", 60000),
    ("63711517444097385315", "443621198405243523", "AHB", "2017-8-17", 35000),
    ("78414458042921530764", "443621198405243523", "BJB", "2017-8-2", 70000),
    ("13136907786351153134", "443403200011135482", "SHB", "2018-7-3", 21000),
    ("08281641497276696239", "410403200209235078", "BJB", "2020-5-21", 45000),
    ("64888456460634360232", "443403198401021191", "BJB", "2018-4-11", 93000),
    ("62401024516947225283", "443621200701135219", "BJB", "2020-6-24", 66000),
    ("64622979039965277925", "410621199902257806", "BJB", "2017-7-24", 90000),
    ("56861076465048042262", "443621200503161853", "BJB", "2019-1-12", 95000),
    ("80155080485974008204", "443403200011135482", "BJB", "2019-6-22", 38000),
    ("57813016051660640906", "221403199612267010", "SHB", "2019-6-21", 1000),
    ("78982352864674132636", "410621199004068996", "SHB", "2017-6-18", 71000),
    ("49280223767938320306", "443621199901128865", "AHB", "2018-8-16", 71000),
    ("63106588631216297431", "410403201008149306", "SHB", "2018-11-19", 29000),
    ("65046756782114172894", "221403198803217246", "BJB", "2019-8-4", 8000),
    ("03179127057134966232", "443621198405243523", "SHB", "2017-3-26", 10000),
    ("12505685564726447482", "410403200802041533", "BJB", "2020-9-20", 80000),
    ("13857395585276250702", "410403198909022969", "SHB", "2017-5-23", 61000),
    ("97696746105718482503", "221403200704209077", "BJB", "2020-9-25", 41000),
    ("31871615165178374294", "221403200812151794", "AHB", "2019-9-11", 25000),
    ("17442229656678158657", "410621199203033794", "BJB", "2020-8-4", 73000),
    ("75507063133910935026", "443621199901128865", "AHB", "2018-11-27", 64000),
    ("18462732346996513338", "410403199912135987", "BJB", "2020-6-5", 10000),
    ("97356640912381129329", "410621199706040024", "AHB", "2018-11-27", 63000),
    ("07983119470918510956", "443621200503161853", "SHB", "2017-11-4", 76000),
    ("31488371236319069232", "443403200501092511", "BJB", "2019-8-12", 67000),
    ("18637914371627858359", "221403200812151794", "SHB", "2017-9-1", 62000),
    ("75927865653211282443", "410621198003211377", "SHB", "2019-4-12", 60000),
    ("98194486807730724440", "410621199401158755", "AHB", "2019-8-23", 25000),
    ("04177289351757039260", "443621198609082879", "SHB", "2019-1-5", 79000),
    ("67183404087360621540", "443621199603143902", "SHB", "2018-6-9", 32000),
    ("47354480022639421177", "410403201008149306", "SHB", "2020-7-2", 22000),
    ("08736814148218971190", "410403198502239605", "SHB", "2018-2-21", 65000),
    ("13666716494294031437", "443621200701135219", "SHB", "2020-10-23", 51000),
    ("47955915290052038889", "443403198401021191", "SHB", "2017-2-14", 99000),
    ("13124655941740846147", "443621199507283622", "AHB", "2020-6-22", 57000),
    ("90967160782210046986", "443403198002265736", "SHB", "2020-4-25", 81000),
    ("92224112916651821995", "221403199612267010", "SHB", "2019-9-2", 50000),
    ("35335151530134331479", "221403198310282003", "AHB", "2019-5-16", 65000),
    ("08720376440261154250", "221403200704209077", "BJB", "2017-12-6", 59000),
    ("45954279588466190161", "443403200501092511", "AHB", "2018-12-8", 55000),
    ("72420464407169665558", "410621198003211377", "BJB", "2018-10-3", 30000),
    ("57119485685519648984", "221403200006182494", "AHB", "2018-2-1", 90000),
    ("59416237967893658103", "410403201003121479", "SHB", "2019-9-4", 51000),
    ("79796922151636680750", "410621199902257806", "BJB", "2019-8-13", 51000),
    ("99492492856477674608", "443403200501092511", "AHB", "2020-12-18", 62000),
    ("95964791261370089724", "443621200701135219", "AHB", "2019-6-24", 20000),
    ("72177523952847270320", "221403199612267010", "BJB", "2019-11-12", 58000),
    ("80501388057478931969", "410403200205137845", "BJB", "2017-11-25", 24000),
    ("27025098489979873106", "443403199502112828", "BJB", "2020-11-25", 98000),
    ("03114406415456206662", "410621198003211377", "SHB", "2018-4-18", 30000),
    ("38556736812321991331", "221403199612267010", "BJB", "2020-4-23", 37000),
    ("54439495144044022918", "410621199203033794", "SHB", "2019-12-4", 16000),
    ("00001292328441708300", "443403199502112828", "SHB", "2020-11-3", 83000),
    ("40268596148746193597", "443403200011135482", "AHB", "2020-11-4", 13000),
    ("96467604045443786738", "410621198701078872", "SHB", "2018-10-9", 70000),
    ("42653898000789023610", "410621199004068996", "BJB", "2017-9-10", 6000),
    ("32844959731377422214", "410621198102239516", "AHB", "2019-11-21", 45000),
    ("81167376628826084261", "221403200704209077", "BJB", "2017-3-19", 9000),
    ("64661209262806246182", "410403200802041533", "SHB", "2020-10-14", 59000),
    ("86578038994249406184", "410403199605212257", "AHB", "2019-5-7", 46000),
    ("03510352694485317990", "443621200910222464", "SHB", "2018-8-6", 3000),
    ("72609668775180101836", "443403200011135482", "BJB", "2020-7-26", 68000),
    ("75372227277151746365", "410621198701078872", "SHB", "2019-6-15", 16000),
    ("79468395017744242134", "221403200006182494", "SHB", "2019-2-6", 63000),
    ("35702897730325948874", "410621198807011407", "AHB", "2018-2-14", 39000),
    ("47650652930673372253", "410403199605212257", "SHB", "2018-3-23", 55000),
    ("55575087655672624739", "410403200205137845", "AHB", "2019-2-26", 72000),
    ("83298302645971388332", "221403198402074734", "BJB", "2017-1-3", 30000),
    ("51099440994040323945", "221403198310282003", "AHB", "2019-6-15", 95000),
    ("41157214780386146793", "221403198402074734", "BJB", "2020-1-9", 82000),
    ("61853532675585328395", "410403201003121479", "BJB", "2019-11-5", 73000),
    ("32658834265041473770", "221403200006182494", "AHB", "2018-10-19", 36000),
    ("46540040510746293523", "410621199902257806", "SHB", "2020-10-8", 67000),
    ("39253941822677207406", "410621199902257806", "BJB", "2018-12-2", 53000),
    ("90046737548758598564", "443621199603143902", "BJB", "2019-1-13", 8000),
    ("02463031087402485704", "221403199612267010", "SHB", "2018-11-26", 36000),
    ("83493990733005880702", "410621198701078872", "SHB", "2018-7-4", 42000),
    ("13882409469575315355", "410621199203033794", "AHB", "2020-10-12", 13000),
    ("36546478843664450493", "221403198310282003", "SHB", "2017-11-14", 91000),
    ("25416537585912928680", "410403198909022969", "AHB", "2019-9-23", 96000),
    ("26758849964591951612", "221621200911224556", "BJB", "2020-10-8", 32000),
    ("54376151696306766226", "221621198804275299", "SHB", "2020-12-9", 90000),
    ("10250899205217519237", "221403198402074734", "SHB", "2018-10-7", 27000),
    ("98976608470880717587", "221403200605056052", "AHB", "2017-6-5", 8000),
    ("92712988985003758418", "221403200006182494", "AHB", "2017-11-5", 12000),
    ("70684332792331017266", "443621199507283622", "AHB", "2018-12-1", 16000),
    ("09385497276134175394", "410403200602056756", "SHB", "2020-3-5", 90000),
    ("85280487778650737314", "410621198701078872", "AHB", "2017-1-13", 96000),
    ("38799898386719912569", "410403199912135987", "SHB", "2020-11-6", 79000),
    ("42863090127465596504", "221621198804275299", "AHB", "2018-1-21", 16000),
    ("10288988818515074350", "410621199203033794", "BJB", "2019-5-22", 71000),
    ("14038746525198951960", "221403198310282003", "SHB", "2019-11-12", 56000),
    ("86971432268140601192", "443403199501240257", "AHB", "2018-10-23", 11000),
    ("34810355855545894441", "221403200006182494", "AHB", "2017-10-23", 90000),
    ("58761794197558317993", "443621198609082879", "AHB", "2017-6-21", 19000),
    ("70096872335754969292", "443621200503161853", "BJB", "2020-5-26", 40000),
    ("69201439440328602660", "221403198707119110", "BJB", "2018-8-18", 19000),
    ("41704327610308362894", "410621199004068996", "AHB", "2020-2-9", 1000),
    ("76250987053515047473", "443621198609082879", "AHB", "2017-6-13", 3000),
    ("70089551691656579034", "410403200602056756", "SHB", "2017-9-5", 31000),
    ("27197567011903417826", "221621200911224556", "BJB", "2018-8-20", 38000),
    ("42031552921091745840", "443621199901128865", "BJB", "2017-12-15", 90000),
    ("19838454143313774442", "443621199901128865", "BJB", "2018-5-7", 58000),
    ("34991529382846779925", "410403200602056756", "AHB", "2017-11-26", 43000),
    ("86487769370587595154", "221403199903262148", "BJB", "2019-8-27", 71000),
    ("02268029496204895795", "221403200006182494", "AHB", "2020-5-5", 52000),
    ("38414569000483605963", "443621200701135219", "BJB", "2018-6-11", 24000),
    ("27719705210985518230", "221403199903262148", "AHB", "2020-9-2", 52000),
    ("01525544790118629457", "443403198401021191", "SHB", "2019-3-3", 84000),
    ("07949212739181224091", "410621198701078872", "AHB", "2019-8-8", 21000),
    ("28431636458989400734", "443621200910222464", "BJB", "2019-4-12", 28000),
    ("25650701099105389099", "410403200205137845", "BJB", "2020-8-26", 25000),
    ("40128665218778461799", "410621199401158755", "BJB", "2019-7-24", 51000),
    ("19594726242466226372", "221403200704209077", "BJB", "2018-7-3", 94000),
    ("03746736662066991584", "443403198002265736", "SHB", "2020-8-3", 53000),
    ("27899060206186502921", "410621199004068996", "SHB", "2020-5-5", 36000),
    ("78639609790090728650", "443621200910222464", "BJB", "2017-10-13", 23000),
    ("07948533002921579992", "410621198807011407", "AHB", "2019-6-16", 6000),
    ("29523571611481915050", "410403200602056756", "SHB", "2019-4-7", 34000),
    ("96966627785999092082", "410403198502239605", "BJB", "2018-8-15", 15000),
    ("02416858815906826914", "410621199401158755", "BJB", "2020-3-22", 93000),
    ("12132654667711779163", "443403200501092511", "AHB", "2017-10-12", 93000),
    ("08476547777930509733", "410403199912135987", "BJB", "2019-6-12", 81000),
    ("92733259373232424356", "410621199706040024", "BJB", "2019-4-5", 72000),
    ("23678853482210409972", "410403200602056756", "SHB", "2017-3-8", 27000),
    ("09813794315480564381", "221403198803217246", "BJB", "2018-8-26", 23000),
    ("57423666340310927238", "410403200311109317", "SHB", "2020-4-20", 16000);

insert into loanPay (loan_loanIDX, loanPayDate, loanPayAmount) values
    ("30047661571375135825", "2017-6-19", 157),
    ("30047661571375135825", "2018-10-1", 16),
    ("02010608592294943048", "2020-11-1", 94),
    ("02010608592294943048", "2017-11-14", 22),
    ("88534672159484595074", "2020-1-22", 67),
    ("57744940927065965755", "2017-3-4", 119),
    ("57744940927065965755", "2020-1-24", 108),
    ("57744940927065965755", "2020-3-15", 96),
    ("94031390501824797086", "2017-8-7", 147),
    ("94031390501824797086", "2020-12-2", 34),
    ("35002917383392076915", "2018-3-6", 56),
    ("35002917383392076915", "2020-10-12", 96),
    ("67360010789356033304", "2017-12-21", 26),
    ("29717202120623968877", "2018-10-19", 59),
    ("77300472252227916728", "2019-10-25", 199),
    ("71475582420820989488", "2017-5-8", 48),
    ("71475582420820989488", "2020-12-18", 59),
    ("71475582420820989488", "2017-4-11", 113),
    ("65206279115077808965", "2019-7-14", 175),
    ("65206279115077808965", "2019-3-27", 25),
    ("25975800884096974842", "2020-10-12", 186),
    ("25975800884096974842", "2020-2-18", 50),
    ("98704136142496112727", "2019-6-4", 65),
    ("34923717982868089552", "2018-8-2", 150),
    ("08038987516752137602", "2017-7-3", 15),
    ("08038987516752137602", "2020-2-14", 55),
    ("08038987516752137602", "2020-7-8", 75),
    ("12396357682634464608", "2020-6-3", 68),
    ("12031904826746118720", "2019-9-20", 158),
    ("12031904826746118720", "2020-10-21", 50),
    ("19889431165672189515", "2019-9-16", 166),
    ("90590825464907205098", "2017-12-8", 32),
    ("90590825464907205098", "2020-5-5", 58),
    ("90590825464907205098", "2017-12-15", 174),
    ("13789280325881479407", "2019-6-11", 82),
    ("13789280325881479407", "2018-11-11", 101),
    ("75377212380825493412", "2018-1-14", 103),
    ("75377212380825493412", "2020-5-6", 164),
    ("79839882340338065826", "2020-12-17", 45),
    ("36855537447329605568", "2017-9-6", 88),
    ("60297539698416713225", "2020-9-20", 197),
    ("60297539698416713225", "2020-7-8", 42),
    ("60297539698416713225", "2017-12-23", 134),
    ("69606915164832865987", "2017-10-14", 189),
    ("44277302021812596245", "2018-3-1", 83),
    ("44277302021812596245", "2018-3-25", 57),
    ("02711590384214776923", "2017-6-8", 56),
    ("02711590384214776923", "2018-9-14", 33),
    ("38479793191822535598", "2019-11-19", 195),
    ("38479793191822535598", "2017-5-11", 46),
    ("80633156920722596738", "2020-6-21", 47),
    ("53542924612990877662", "2017-7-18", 191),
    ("53542924612990877662", "2020-10-14", 72),
    ("90563825686090693447", "2018-2-21", 167),
    ("84337664332312262111", "2017-9-27", 19),
    ("84337664332312262111", "2020-11-13", 149),
    ("84337664332312262111", "2017-5-25", 30),
    ("69452947106110945052", "2017-11-18", 157),
    ("69452947106110945052", "2017-5-15", 171),
    ("69452947106110945052", "2019-7-22", 52),
    ("03665627305244998662", "2017-10-12", 77),
    ("03665627305244998662", "2018-4-12", 170),
    ("03665627305244998662", "2018-11-3", 63),
    ("43679994244174864358", "2019-6-2", 162),
    ("99516167362754975093", "2018-5-8", 38),
    ("99516167362754975093", "2018-9-8", 156),
    ("99516167362754975093", "2019-2-6", 72),
    ("20673233759227204476", "2020-9-6", 39),
    ("47753097882885719674", "2019-1-7", 85),
    ("47753097882885719674", "2018-10-3", 113),
    ("47753097882885719674", "2019-3-27", 65),
    ("84166335512877586574", "2020-11-16", 141),
    ("47842221153700422128", "2019-3-21", 72),
    ("48979502949432602059", "2020-5-10", 144),
    ("48979502949432602059", "2018-12-9", 60),
    ("48979502949432602059", "2018-10-3", 99),
    ("91261432851395248816", "2017-8-14", 138),
    ("91261432851395248816", "2017-9-5", 152),
    ("91261432851395248816", "2018-12-4", 17),
    ("61169420181749635606", "2020-7-23", 131),
    ("61169420181749635606", "2017-2-14", 130),
    ("04906086282732425465", "2017-6-8", 135),
    ("04906086282732425465", "2020-5-2", 138),
    ("31079433891806227937", "2017-8-26", 177),
    ("31079433891806227937", "2019-4-6", 112),
    ("77152552416229098851", "2018-7-1", 144),
    ("98190176899899358664", "2019-12-7", 27),
    ("86265289809138804029", "2018-11-6", 34),
    ("86265289809138804029", "2017-10-24", 44),
    ("86265289809138804029", "2020-1-19", 61),
    ("79069047721616174645", "2017-2-20", 96),
    ("79069047721616174645", "2017-2-13", 85),
    ("26607523101140440941", "2019-1-8", 122),
    ("58064420503470501896", "2017-11-18", 50),
    ("58064420503470501896", "2018-10-17", 51),
    ("12845448191846475724", "2020-6-17", 101),
    ("12845448191846475724", "2020-6-21", 159),
    ("72501047631635335270", "2020-12-7", 174),
    ("36835282480897710910", "2018-8-2", 13),
    ("36835282480897710910", "2017-8-3", 113),
    ("36835282480897710910", "2018-10-13", 110),
    ("18781828768912987275", "2017-10-11", 58),
    ("18781828768912987275", "2020-6-17", 99),
    ("61199270963621441980", "2020-6-3", 193),
    ("61199270963621441980", "2019-4-13", 133),
    ("61199270963621441980", "2020-4-17", 191),
    ("58449715104302470768", "2017-3-22", 54),
    ("02436610550447500021", "2018-5-14", 36),
    ("02436610550447500021", "2019-5-11", 174),
    ("02436610550447500021", "2019-3-21", 75),
    ("56346847609987902303", "2019-4-4", 180),
    ("06664120460472616823", "2018-1-22", 70),
    ("06664120460472616823", "2020-4-2", 114),
    ("50671029278805799194", "2019-3-6", 62),
    ("50671029278805799194", "2019-11-16", 174),
    ("67018719102414552779", "2018-4-20", 129),
    ("89495331983855263709", "2018-3-13", 134),
    ("14215403363213848980", "2019-5-27", 153),
    ("14215403363213848980", "2017-10-3", 114),
    ("14215403363213848980", "2017-1-13", 55),
    ("10113214960659921146", "2018-11-27", 13),
    ("89229769474088259540", "2017-3-24", 121),
    ("89229769474088259540", "2019-6-7", 147),
    ("42898064819068590411", "2017-5-26", 156),
    ("42898064819068590411", "2018-3-23", 38),
    ("42898064819068590411", "2017-12-12", 74),
    ("37460801652471819158", "2020-4-3", 81),
    ("37460801652471819158", "2018-1-27", 133),
    ("37460801652471819158", "2020-9-21", 147),
    ("25988137027144125574", "2017-7-9", 160),
    ("25988137027144125574", "2017-12-15", 24),
    ("71324070366674138543", "2017-5-26", 92),
    ("71324070366674138543", "2020-5-4", 14),
    ("71324070366674138543", "2019-2-13", 23),
    ("80109987816934884116", "2020-6-11", 61),
    ("77955072258739377237", "2018-4-15", 128),
    ("77955072258739377237", "2017-11-27", 85),
    ("57060860374603948165", "2017-1-9", 152),
    ("57060860374603948165", "2018-8-10", 31),
    ("57060860374603948165", "2019-9-20", 97),
    ("73853870390288512155", "2019-11-7", 120),
    ("73853870390288512155", "2018-3-15", 114),
    ("73853870390288512155", "2018-10-2", 12),
    ("79022497533690485875", "2019-2-21", 25),
    ("79022497533690485875", "2018-11-11", 182),
    ("79022497533690485875", "2018-9-18", 13),
    ("58841683948306223225", "2018-10-1", 45),
    ("47421336918152743341", "2018-2-18", 133),
    ("47421336918152743341", "2017-1-13", 106),
    ("33031226903359986527", "2017-7-23", 155),
    ("33031226903359986527", "2018-3-2", 95),
    ("48760845059174718775", "2017-2-24", 115),
    ("48760845059174718775", "2019-2-26", 115),
    ("48760845059174718775", "2018-2-17", 78),
    ("69436560614106481818", "2018-7-15", 94),
    ("69436560614106481818", "2019-8-20", 67),
    ("69436560614106481818", "2019-8-26", 127),
    ("52590476299461912972", "2018-9-25", 137),
    ("80523662992347376801", "2019-12-21", 91),
    ("27406942290223865428", "2019-8-9", 56),
    ("41076728429553174043", "2018-2-11", 126),
    ("41076728429553174043", "2018-11-23", 139),
    ("41076728429553174043", "2017-1-8", 137),
    ("11891022277404877885", "2017-11-13", 21),
    ("40429750652344903911", "2019-5-16", 137),
    ("40429750652344903911", "2018-9-7", 109),
    ("29151623959828707434", "2019-11-16", 173),
    ("29151623959828707434", "2020-6-20", 134),
    ("29151623959828707434", "2017-7-22", 76),
    ("65788927336629045473", "2019-11-26", 127),
    ("65788927336629045473", "2020-4-27", 37),
    ("65788927336629045473", "2017-1-8", 135),
    ("53533350259978149153", "2018-8-12", 41),
    ("03017336922098263247", "2020-8-17", 88),
    ("03017336922098263247", "2020-3-26", 70),
    ("99447533250835291588", "2019-5-20", 33),
    ("99447533250835291588", "2020-10-20", 29),
    ("18745643255229630736", "2019-8-19", 156),
    ("18745643255229630736", "2017-10-2", 91),
    ("88812303871330428242", "2018-3-1", 107),
    ("24452428872837798732", "2017-10-9", 107),
    ("29491978032174294305", "2020-6-12", 105),
    ("29491978032174294305", "2020-1-21", 110),
    ("03380095275263228926", "2018-1-4", 176),
    ("03380095275263228926", "2020-2-1", 111),
    ("09047944345087600888", "2019-7-6", 39),
    ("09047944345087600888", "2017-4-10", 193),
    ("66534992400767718725", "2020-2-9", 99),
    ("66534992400767718725", "2019-6-3", 43),
    ("00749792969895025937", "2017-8-19", 186),
    ("00749792969895025937", "2017-10-3", 48),
    ("83277460350439594251", "2018-12-13", 149),
    ("83277460350439594251", "2018-11-8", 193),
    ("83277460350439594251", "2019-3-20", 176),
    ("98849097380546886701", "2017-12-16", 46),
    ("98849097380546886701", "2020-1-22", 20),
    ("98849097380546886701", "2017-3-2", 146),
    ("07024015992305657085", "2019-1-4", 154),
    ("10862823386199552542", "2020-11-8", 68),
    ("10862823386199552542", "2018-4-13", 156),
    ("22835871935806016177", "2019-4-20", 31),
    ("22835871935806016177", "2017-6-27", 18),
    ("22835871935806016177", "2018-6-26", 55),
    ("15409303670367342195", "2017-3-12", 107),
    ("60889419754477806001", "2020-12-4", 66),
    ("60889419754477806001", "2019-12-3", 149),
    ("60889419754477806001", "2018-2-27", 48),
    ("66678778357793717520", "2019-11-12", 191),
    ("85300513173188824588", "2018-11-6", 200),
    ("85300513173188824588", "2019-12-3", 79),
    ("71268359789114195806", "2017-12-21", 23),
    ("71268359789114195806", "2017-6-19", 81),
    ("71268359789114195806", "2020-9-27", 12),
    ("27812074816900103339", "2020-3-22", 145),
    ("27812074816900103339", "2018-1-20", 51),
    ("27812074816900103339", "2020-11-11", 127),
    ("05819869791936504451", "2019-9-3", 166),
    ("01115734587868306674", "2019-11-15", 113),
    ("01115734587868306674", "2018-11-10", 105),
    ("01115734587868306674", "2020-5-16", 34),
    ("57678624362359789379", "2020-3-5", 107),
    ("57678624362359789379", "2019-10-16", 115),
    ("57678624362359789379", "2020-4-8", 71),
    ("72279158686706595668", "2019-7-8", 36),
    ("34324692006240190515", "2019-4-9", 107),
    ("69462459557020711837", "2018-2-1", 50),
    ("69462459557020711837", "2020-2-16", 53),
    ("05452346138477917365", "2019-1-10", 169),
    ("05452346138477917365", "2017-2-26", 143),
    ("28656957347161837675", "2018-9-12", 99),
    ("28656957347161837675", "2017-3-4", 67),
    ("28656957347161837675", "2018-11-3", 91),
    ("06875597041383364006", "2018-9-27", 149),
    ("89212550013237337734", "2019-2-24", 86),
    ("89212550013237337734", "2020-6-18", 150),
    ("89212550013237337734", "2019-5-22", 24),
    ("19334657227332051963", "2019-11-16", 72),
    ("19334657227332051963", "2020-11-24", 17),
    ("93914363871083244395", "2019-9-25", 112),
    ("93914363871083244395", "2020-9-23", 198),
    ("08281641497276696239", "2017-4-8", 161),
    ("08281641497276696239", "2018-1-8", 15),
    ("64888456460634360232", "2018-11-6", 81),
    ("64888456460634360232", "2019-4-26", 62),
    ("64888456460634360232", "2020-11-21", 143),
    ("62401024516947225283", "2020-10-17", 128),
    ("62401024516947225283", "2017-12-14", 40),
    ("62401024516947225283", "2020-1-12", 105),
    ("64622979039965277925", "2018-12-26", 189),
    ("64622979039965277925", "2020-7-10", 88),
    ("56861076465048042262", "2019-1-25", 167),
    ("56861076465048042262", "2018-2-14", 64),
    ("80155080485974008204", "2017-2-5", 42),
    ("80155080485974008204", "2020-6-11", 107),
    ("80155080485974008204", "2019-1-21", 140),
    ("78982352864674132636", "2019-4-9", 23),
    ("78982352864674132636", "2020-1-12", 106),
    ("49280223767938320306", "2019-10-5", 158),
    ("49280223767938320306", "2018-1-6", 147),
    ("49280223767938320306", "2019-10-13", 117),
    ("63106588631216297431", "2017-10-26", 86),
    ("63106588631216297431", "2018-8-10", 44),
    ("65046756782114172894", "2018-11-24", 176),
    ("03179127057134966232", "2018-2-10", 150),
    ("03179127057134966232", "2019-9-22", 186),
    ("03179127057134966232", "2019-9-7", 171),
    ("12505685564726447482", "2019-12-4", 106),
    ("13857395585276250702", "2017-11-19", 177),
    ("13857395585276250702", "2018-7-11", 87),
    ("97696746105718482503", "2019-6-9", 106),
    ("31871615165178374294", "2017-8-10", 11),
    ("17442229656678158657", "2018-6-6", 132),
    ("17442229656678158657", "2017-8-16", 114),
    ("17442229656678158657", "2017-10-1", 188),
    ("75507063133910935026", "2017-6-11", 61),
    ("75507063133910935026", "2017-1-19", 112),
    ("18462732346996513338", "2019-6-19", 81),
    ("18462732346996513338", "2018-8-9", 93),
    ("97356640912381129329", "2019-9-7", 39),
    ("97356640912381129329", "2018-8-22", 79),
    ("07983119470918510956", "2020-5-4", 98),
    ("07983119470918510956", "2018-6-15", 199),
    ("07983119470918510956", "2019-4-16", 156),
    ("18637914371627858359", "2019-5-21", 174),
    ("18637914371627858359", "2018-12-9", 42),
    ("75927865653211282443", "2020-4-11", 99),
    ("75927865653211282443", "2018-1-25", 197),
    ("75927865653211282443", "2020-6-5", 171),
    ("04177289351757039260", "2019-4-5", 99),
    ("04177289351757039260", "2017-7-27", 126),
    ("04177289351757039260", "2018-11-7", 138),
    ("67183404087360621540", "2020-10-19", 46),
    ("47354480022639421177", "2020-12-27", 112),
    ("08736814148218971190", "2020-9-15", 164),
    ("13666716494294031437", "2019-7-5", 126),
    ("13666716494294031437", "2020-9-25", 31),
    ("47955915290052038889", "2019-11-10", 200),
    ("13124655941740846147", "2018-1-24", 67),
    ("92224112916651821995", "2018-7-3", 177),
    ("35335151530134331479", "2019-4-12", 52),
    ("35335151530134331479", "2017-4-7", 98),
    ("35335151530134331479", "2017-6-15", 53),
    ("57119485685519648984", "2019-6-5", 169),
    ("57119485685519648984", "2020-4-24", 66),
    ("59416237967893658103", "2019-1-14", 167),
    ("79796922151636680750", "2018-6-1", 115),
    ("99492492856477674608", "2019-3-4", 23),
    ("99492492856477674608", "2020-12-5", 190),
    ("95964791261370089724", "2018-12-2", 175),
    ("72177523952847270320", "2017-2-14", 24),
    ("80501388057478931969", "2019-6-11", 167),
    ("80501388057478931969", "2018-10-5", 64),
    ("80501388057478931969", "2020-12-16", 51),
    ("03114406415456206662", "2017-12-10", 71),
    ("03114406415456206662", "2018-7-25", 112),
    ("03114406415456206662", "2018-12-24", 93),
    ("00001292328441708300", "2020-10-4", 64),
    ("40268596148746193597", "2017-11-27", 168),
    ("40268596148746193597", "2019-6-22", 96),
    ("42653898000789023610", "2017-4-25", 107),
    ("81167376628826084261", "2018-5-8", 90),
    ("64661209262806246182", "2019-3-22", 29),
    ("64661209262806246182", "2017-5-10", 94),
    ("64661209262806246182", "2019-3-5", 34),
    ("03510352694485317990", "2017-12-20", 103),
    ("72609668775180101836", "2020-7-6", 110),
    ("72609668775180101836", "2019-1-2", 123),
    ("72609668775180101836", "2020-1-21", 131),
    ("79468395017744242134", "2020-3-7", 162),
    ("35702897730325948874", "2018-7-23", 30),
    ("35702897730325948874", "2017-10-3", 13),
    ("35702897730325948874", "2018-1-2", 159),
    ("47650652930673372253", "2018-11-12", 74),
    ("47650652930673372253", "2020-4-24", 17),
    ("47650652930673372253", "2018-2-19", 189),
    ("55575087655672624739", "2017-10-22", 152),
    ("83298302645971388332", "2019-6-13", 68),
    ("51099440994040323945", "2020-7-23", 19),
    ("41157214780386146793", "2019-2-10", 162),
    ("41157214780386146793", "2020-9-18", 108),
    ("41157214780386146793", "2020-7-24", 63),
    ("61853532675585328395", "2017-7-4", 122),
    ("61853532675585328395", "2020-11-6", 57),
    ("61853532675585328395", "2018-12-22", 104),
    ("32658834265041473770", "2017-5-11", 48),
    ("46540040510746293523", "2020-4-1", 93),
    ("46540040510746293523", "2018-8-9", 15),
    ("46540040510746293523", "2017-1-2", 16),
    ("39253941822677207406", "2018-5-21", 135),
    ("39253941822677207406", "2018-7-24", 31),
    ("39253941822677207406", "2018-9-24", 41),
    ("90046737548758598564", "2019-7-18", 161),
    ("90046737548758598564", "2018-9-10", 170),
    ("02463031087402485704", "2019-8-6", 200),
    ("83493990733005880702", "2017-11-14", 36),
    ("13882409469575315355", "2018-7-11", 62),
    ("13882409469575315355", "2019-7-23", 126),
    ("13882409469575315355", "2020-3-22", 13),
    ("36546478843664450493", "2017-3-7", 48),
    ("36546478843664450493", "2018-8-18", 100),
    ("25416537585912928680", "2018-2-23", 154),
    ("25416537585912928680", "2017-1-22", 133),
    ("25416537585912928680", "2019-10-23", 64),
    ("26758849964591951612", "2017-7-10", 70),
    ("26758849964591951612", "2017-3-5", 28),
    ("26758849964591951612", "2019-3-17", 82),
    ("54376151696306766226", "2020-9-3", 104),
    ("54376151696306766226", "2017-5-21", 57),
    ("10250899205217519237", "2018-8-11", 95),
    ("10250899205217519237", "2020-9-1", 130),
    ("09385497276134175394", "2020-2-26", 101),
    ("09385497276134175394", "2020-11-19", 181),
    ("38799898386719912569", "2020-4-25", 199),
    ("38799898386719912569", "2018-9-27", 36),
    ("38799898386719912569", "2020-6-3", 83),
    ("42863090127465596504", "2019-8-20", 133),
    ("10288988818515074350", "2019-8-3", 133),
    ("10288988818515074350", "2017-7-21", 56),
    ("14038746525198951960", "2019-2-7", 114),
    ("14038746525198951960", "2020-8-9", 13),
    ("34810355855545894441", "2017-1-5", 53),
    ("58761794197558317993", "2019-6-15", 151),
    ("58761794197558317993", "2017-9-11", 154),
    ("58761794197558317993", "2019-3-9", 58),
    ("69201439440328602660", "2018-10-17", 104),
    ("76250987053515047473", "2017-2-14", 125),
    ("76250987053515047473", "2018-4-23", 61),
    ("70089551691656579034", "2018-12-7", 155),
    ("70089551691656579034", "2020-2-14", 140),
    ("27197567011903417826", "2019-11-9", 36),
    ("27197567011903417826", "2019-1-15", 168),
    ("19838454143313774442", "2020-4-24", 12),
    ("19838454143313774442", "2017-11-22", 138),
    ("34991529382846779925", "2018-3-19", 199),
    ("34991529382846779925", "2019-1-11", 163),
    ("34991529382846779925", "2017-10-16", 183),
    ("86487769370587595154", "2020-3-18", 82),
    ("86487769370587595154", "2020-3-20", 60),
    ("38414569000483605963", "2018-10-25", 195),
    ("38414569000483605963", "2019-11-12", 28),
    ("27719705210985518230", "2018-9-14", 85),
    ("27719705210985518230", "2019-12-3", 183),
    ("27719705210985518230", "2019-2-22", 183),
    ("01525544790118629457", "2017-3-21", 83),
    ("01525544790118629457", "2017-7-9", 88),
    ("07949212739181224091", "2020-4-22", 47),
    ("07949212739181224091", "2017-9-25", 163),
    ("07949212739181224091", "2019-3-10", 179),
    ("28431636458989400734", "2020-12-22", 150),
    ("19594726242466226372", "2020-1-14", 77),
    ("19594726242466226372", "2020-7-12", 16),
    ("19594726242466226372", "2020-10-15", 20),
    ("03746736662066991584", "2019-5-12", 12),
    ("03746736662066991584", "2020-2-18", 59),
    ("03746736662066991584", "2018-7-9", 177),
    ("78639609790090728650", "2019-3-8", 166),
    ("07948533002921579992", "2017-6-19", 165),
    ("96966627785999092082", "2018-5-22", 76),
    ("12132654667711779163", "2017-9-12", 33),
    ("12132654667711779163", "2017-5-6", 141),
    ("08476547777930509733", "2019-7-12", 78),
    ("92733259373232424356", "2017-6-11", 81),
    ("23678853482210409972", "2017-7-8", 99),
    ("09813794315480564381", "2017-12-7", 75),
    ("09813794315480564381", "2020-9-16", 29),
    ("44737912851760212290", "2017-11-13", 133),
    ("44737912851760212290", "2017-10-6", 97),
    ("44737912851760212290", "2018-4-1", 79),
    ("16481619171556567295", "2017-9-27", 174),
    ("16929491194911796671", "2020-2-23", 35),
    ("16929491194911796671", "2018-10-20", 130),
    ("16929491194911796671", "2018-1-21", 126),
    ("33411676090719373947", "2019-2-19", 39),
    ("33411676090719373947", "2018-11-9", 54),
    ("33411676090719373947", "2017-6-23", 105),
    ("23224838540930673418", "2017-8-11", 159),
    ("45677245052692090066", "2019-3-20", 188),
    ("39038360750354215709", "2020-5-1", 111),
    ("46197681367557333553", "2017-12-21", 109),
    ("05524407347520035867", "2019-7-5", 152),
    ("05524407347520035867", "2019-4-1", 134),
    ("05524407347520035867", "2020-7-25", 74),
    ("75525570662372976471", "2019-1-14", 42),
    ("75525570662372976471", "2019-8-16", 145),
    ("75525570662372976471", "2020-1-3", 26),
    ("95322205571300026383", "2017-11-15", 184),
    ("95322205571300026383", "2020-9-23", 78),
    ("95322205571300026383", "2018-12-9", 12),
    ("08280739796610074084", "2017-6-17", 136),
    ("08280739796610074084", "2017-2-21", 124),
    ("08280739796610074084", "2017-12-4", 29),
    ("06906415383467637964", "2020-9-24", 119),
    ("65319348099430730526", "2018-8-10", 118),
    ("65319348099430730526", "2019-6-22", 26),
    ("59718223542424933624", "2018-10-1", 193),
    ("59718223542424933624", "2017-4-16", 13),
    ("59718223542424933624", "2019-4-11", 146),
    ("30360952606221621947", "2018-9-8", 152),
    ("30360952606221621947", "2018-5-16", 35),
    ("30360952606221621947", "2018-7-6", 143),
    ("97991649068446377882", "2017-1-15", 104),
    ("97991649068446377882", "2019-9-1", 165),
    ("97991649068446377882", "2018-12-11", 55),
    ("79210843046394155306", "2018-9-2", 156),
    ("79210843046394155306", "2018-7-23", 41),
    ("88379959754437010412", "2019-6-1", 112),
    ("88379959754437010412", "2018-9-11", 147),
    ("88379959754437010412", "2019-11-11", 185),
    ("79199904536692568738", "2018-6-8", 184),
    ("79199904536692568738", "2020-2-9", 174),
    ("79199904536692568738", "2020-1-15", 137),
    ("20686943687377134039", "2019-10-18", 136),
    ("60831016272077965773", "2020-5-22", 145),
    ("79295576726625671160", "2020-12-24", 49),
    ("79295576726625671160", "2017-9-2", 108),
    ("79295576726625671160", "2018-4-8", 87),
    ("31976061406954064091", "2018-3-12", 164),
    ("07231291513559133356", "2018-11-14", 48),
    ("93315194994613876460", "2017-11-3", 63),
    ("93315194994613876460", "2017-1-4", 23),
    ("56587144905510369140", "2018-6-2", 129),
    ("52320796428961896139", "2018-6-12", 33),
    ("79860185312863340641", "2019-6-1", 135),
    ("79860185312863340641", "2017-3-6", 176),
    ("79860185312863340641", "2017-2-22", 139),
    ("33587072232589628375", "2019-7-21", 65),
    ("33587072232589628375", "2020-7-18", 155),
    ("49712188446368662597", "2020-5-3", 11),
    ("49712188446368662597", "2017-3-26", 61),
    ("49712188446368662597", "2018-11-22", 30),
    ("81507005216842165938", "2018-3-8", 39),
    ("04376627905296739923", "2019-1-2", 37),
    ("04376627905296739923", "2017-4-23", 12),
    ("04376627905296739923", "2019-8-5", 123),
    ("04796578756975652470", "2017-6-21", 163),
    ("04796578756975652470", "2020-8-2", 128),
    ("67878161135604620295", "2020-8-3", 38),
    ("04851309575240335865", "2018-12-10", 86);

insert into staff (staffID, bran_branchName, startWorkDate, staffName, staffPhone, staffAddress) values
    ("410403198502239605", "AHB", "2017-6-18", "Œ‚∑…", "1587478735806", "÷£÷›"),
    ("410403198909022969", "BJB", "2020-2-20", "ÀŒ‘¥", "1364511388093", "∫œ∑ "),
    ("410621199706040024", "SHB", "2020-4-9", "’‘…œ", "1886578882983", "∫œ∑ "),
    ("443403199502112828", "BJB", "2018-2-25", "ÀŒœÎ", "1580181412567", "∫œ∑ "),
    ("410621199902257806", "BJB", "2018-1-12", "Œ¬‘∂", "1731501551925", "÷£÷›"),
    ("443403200011135482", "BJB", "2020-8-5", "’‘œÎ", "1362912339339", "Œ‰∫∫"),
    ("443621198405243523", "BJB", "2020-10-5", "Œ¬“ª√˘", "1882393343921", "Œ‰∫∫"),
    ("443621199507283622", "BJB", "2017-5-7", "’‘…œ", "1886393218521", "…œ∫£"),
    ("410621198807011407", "SHB", "2020-6-19", "Œ‚ÃÏ¿÷", "1735129350780", "Œ‰∫∫"),
    ("443621198609082879", "SHB", "2020-2-3", "¿Ó¥Û…Ω", "1736232930896", "±±æ©"),
    ("443403200501092511", "SHB", "2020-5-12", "«Æ‘∂", "1883518476707", "…œ∫£"),
    ("410403200802041533", "BJB", "2019-2-21", "ÀŒ–°≈£", "1366510397064", "∫œ∑ "),
    ("410621199612163479", "SHB", "2017-10-9", "’‘¥Û…Ω", "1739756185892", "∫œ∑ "),
    ("221403200704209077", "SHB", "2017-10-7", "Õı…œ", "1382307547110", "Œ‰∫∫"),
    ("410403200205137845", "SHB", "2017-5-2", "’‘¥Û…Ω", "1732331518748", "±±æ©"),
    ("410403200604220460", "SHB", "2017-9-10", "Œ‚œÎ", "1362501267464", "∫œ∑ "),
    ("410621198003211377", "SHB", "2019-12-17", "’≈‘¥", "1731771611598", "∫œ∑ "),
    ("410403199912135987", "BJB", "2018-12-5", "¿ÓÃÏ¿÷", "1582944702418", "±±æ©"),
    ("443403198002265736", "BJB", "2020-7-19", "Œ¬‘¥", "1887778415977", "∫œ∑ "),
    ("221403200006182494", "AHB", "2018-11-11", "Œ¬¥Û…Ω", "1889677392367", "∫œ∑ "),
    ("221403198402074734", "BJB", "2017-8-19", "’≈“ª√˘", "1369101085205", "…œ∫£"),
    ("221403198707119110", "BJB", "2019-4-24", "ÀŒ‘¥", "1883051038796", "∫œ∑ "),
    ("410403201008149306", "AHB", "2020-3-17", "Õı‘Û", "1586498684461", "Œ‰∫∫"),
    ("221403198310282003", "BJB", "2018-5-26", "¿◊«Â", "1366214249959", "±±æ©"),
    ("443403199501240257", "AHB", "2017-5-20", "Œ¬¡¡", "1732532239686", "±±æ©"),
    ("443621200701135219", "BJB", "2020-3-21", "«Æ ˜", "1380524123603", "Œ‰∫∫"),
    ("221621198804275299", "SHB", "2020-4-17", "Œ‚ ˜", "1734374940081", "÷£÷›"),
    ("443621200503161853", "SHB", "2017-4-20", "«Æ‘∂", "1589610171905", "…œ∫£"),
    ("221403200605056052", "BJB", "2019-5-17", "∫˙ ˜", "1368477520553", "÷£÷›"),
    ("443621199603143902", "AHB", "2019-12-7", "¿Ó‘∂", "1386301958413", "÷£÷›"),
    ("221403200812151794", "AHB", "2019-8-20", "Œ¬‘¥", "1885983711624", "Œ‰∫∫"),
    ("221403198803217246", "AHB", "2020-4-19", "Õıø≠", "1885071996456", "…œ∫£"),
    ("443621199901128865", "BJB", "2020-5-13", "Œ¬«Â", "1887144905158", "…œ∫£"),
    ("221621200911224556", "AHB", "2019-6-5", "Œ¬¡¡", "1388898746729", "÷£÷›"),
    ("443403200906142782", "AHB", "2018-11-8", "«Æ…œ", "1882464832047", "±±æ©"),
    ("410403200311109317", "SHB", "2018-10-26", "ÀŒÃÏ¿÷", "1380576315584", "÷£÷›"),
    ("410403199605212257", "SHB", "2017-2-18", "ÀŒ¥Û…Ω", "1389973940623", "±±æ©"),
    ("443621200910222464", "SHB", "2019-7-21", "ÀŒ∑…", "1369003956817", "Œ‰∫∫"),
    ("410621199401158755", "SHB", "2018-1-7", "¿◊ÃÏ¿÷", "1730036422098", "±±æ©"),
    ("410621199203033794", "SHB", "2018-2-14", "Õı‘Û", "1739384193991", "…œ∫£"),
    ("410403200602056756", "BJB", "2017-12-15", "Œ¬ø≠", "1888764046017", "Œ‰∫∫"),
    ("221403199612267010", "BJB", "2018-12-13", "«Æ–°≈£", "1738452735350", "±±æ©"),
    ("443403198401021191", "AHB", "2017-1-18", "’‘‘∂", "1887830963549", "±±æ©"),
    ("410621199004068996", "SHB", "2019-8-8", "ÀŒ∑…", "1883488224143", "÷£÷›"),
    ("410621200812066613", "AHB", "2018-3-9", "ÀŒ…œ", "1885503057820", "Œ‰∫∫"),
    ("410621198701078872", "AHB", "2020-12-9", "Œ¬‘¥", "1881404422917", "±±æ©"),
    ("410403200209235078", "AHB", "2017-9-22", "’≈“ª√˘", "1364037279377", "Œ‰∫∫"),
    ("410403201003121479", "AHB", "2017-8-19", "Œ‚‘∂", "1732922175656", "±±æ©"),
    ("410621198102239516", "AHB", "2017-8-14", "ÀŒ∑…", "1581684445249", "±±æ©"),
    ("221403199903262148", "AHB", "2020-11-23", "ÕıœÎ", "1883446894346", "÷£÷›");