accountIDX, bran_branchName, staf_staffID, remain, visitTime, openTime, accountType
"90683154991658135836", "上海分行", "410621198308256293", 37876, "2019-06-12", "2006-3-27", "deposit"
"42127628213148858615", "南京分行", "221621199304075691", 197579, "2019-06-12", "2008-5-15", "cheque"
"97559464486111041542", "南京分行", "221621199304075691", 134137, "2019-06-12", "2012-3-18", "deposit"
"95088063369279852487", "北京分行", "443621200107057408", 37349, "2019-06-12", "2015-1-22", "deposit"
"03612574402294571463", "上海分行", "221403200012100777", 15594, "2019-06-12", "2015-6-2", "cheque"
"83739191491533400696", "北京分行", "410403200107255907", 1935, "2019-06-12", "2011-11-7", "deposit"
"28256998050159985752", "北京分行", "410621200708071145", 93868, "2019-06-12", "2010-10-1", "deposit"
"83492776927604255325", "上海分行", "443403200202197606", 144356, "2019-06-12", "2013-6-23", "deposit"
"01669170953004038843", "安徽省分行", "443403200209099140", 20938, "2019-06-12", "2012-5-13", "cheque"
"17420975840117965635", "南京分行", "410403200107255907", 147065, "2019-06-12", "2009-1-1", "deposit"
"50455326572636524656", "安徽省分行", "443621198501066892", 77538, "2019-06-12", "2010-4-17", "cheque"
"65373957517683179606", "安徽省分行", "221403200407100105", 55408, "2019-06-12", "2010-12-18", "deposit"
"80162671741038660966", "安徽省分行", "410403199803016507", 125680, "2019-06-12", "2013-6-19", "cheque"
"25878006553605302477", "安徽省分行", "410403200901191838", 91652, "2019-06-12", "2008-3-12", "deposit"
"27269349171821199410", "上海分行", "221403199104207061", 50628, "2019-06-12", "2014-10-20", "cheque"
"14820955344935565337", "安徽省分行", "443621200907278414", 181174, "2019-06-12", "2013-12-24", "cheque"
"99565256951335665630", "安徽省分行", "410403200107255907", 126957, "2019-06-12", "2008-7-13", "deposit"
"09297851374795359996", "上海分行", "410403199803016507", 83574, "2019-06-12", "2009-7-11", "cheque"
"43223635991768896863", "南京分行", "221403199104207061", 122909, "2019-06-12", "2010-3-2", "cheque"
"58565303414665866689", "安徽省分行", "221621198507285283", 68378, "2019-06-12", "2009-6-13", "deposit"
"65597008904555638201", "北京分行", "221403199206049468", 92608, "2019-06-12", "2013-2-11", "cheque"
"34815807942417756868", "安徽省分行", "221403200012100777", 86742, "2019-06-12", "2016-10-17", "cheque"
"39406456455313301589", "南京分行", "410403199412135767", 135990, "2019-06-12", "2006-3-25", "deposit"
"48907623537515348929", "上海分行", "221403200306255381", 85310, "2019-06-12", "2012-10-7", "deposit"
"19536621450078275419", "南京分行", "221621198202253940", 113634, "2019-06-12", "2008-9-6", "cheque"
"25734326408470204098", "安徽省分行", "410621199111136238", 27796, "2019-06-12", "2016-11-25", "deposit"
"93975134186974441838", "上海分行", "443403200212239378", 69305, "2019-06-12", "2013-9-6", "cheque"
"18998460606834408032", "上海分行", "443403198310229240", 42902, "2019-06-12", "2013-10-6", "deposit"
"54640018969048096292", "北京分行", "443403200110243402", 96020, "2019-06-12", "2017-8-12", "cheque"
"08683587494460260926", "北京分行", "443403200402180089", 187581, "2019-06-12", "2006-10-11", "deposit"
"16998738148453955366", "上海分行", "410403200901191838", 170094, "2019-06-12", "2005-10-16", "cheque"
"38404269420146498260", "南京分行", "443403200004056044", 138320, "2019-06-12", "2010-8-6", "cheque"
"11077488599533014930", "南京分行", "443403200004056044", 95391, "2019-06-12", "2010-9-6", "deposit"
"26563540044257071366", "安徽省分行", "410403199412135767", 124064, "2019-06-12", "2015-9-26", "cheque"
"12921545892450333777", "安徽省分行", "443403199208237595", 135359, "2019-06-12", "2016-4-2", "cheque"
"81571593006196460020", "北京分行", "221403200407100105", 52877, "2019-06-12", "2010-6-19", "deposit"
"27497690044063592900", "南京分行", "221403198212022029", 127568, "2019-06-12", "2014-3-11", "deposit"
"43707092387107443800", "南京分行", "221403198212022029", 60928, "2019-06-12", "2012-11-19", "deposit"
"63068541641359276145", "安徽省分行", "443403200212239378", 96386, "2019-06-12", "2014-11-20", "deposit"
"58829790481211361068", "北京分行", "443403200511014945", 189521, "2019-06-12", "2013-7-20", "cheque"
"72736366891044014526", "北京分行", "443403198407289651", 131336, "2019-06-12", "2005-5-27", "deposit"
"39714235741500298504", "安徽省分行", "443621199912215954", 144291, "2019-06-12", "2011-8-11", "deposit"
"80736080932925620416", "北京分行", "221403200407100105", 93444, "2019-06-12", "2005-1-25", "cheque"
"39689544668284337851", "安徽省分行", "221621199209143628", 164176, "2019-06-12", "2016-9-12", "cheque"
"04103829693346781195", "北京分行", "410403199412135767", 25400, "2019-06-12", "2011-9-8", "cheque"
"57521070162525607258", "南京分行", "443621199304274941", 85175, "2019-06-12", "2005-5-9", "cheque"
"32556498821602305594", "南京分行", "443403200212239378", 108577, "2019-06-12", "2009-5-18", "deposit"
"95436629783725620818", "上海分行", "443621199304274941", 24490, "2019-06-12", "2011-3-20", "cheque"
"54050862128276263334", "南京分行", "221621199304075691", 187633, "2019-06-12", "2008-12-13", "deposit"
"78284306205192938409", "南京分行", "410621198005075007", 67556, "2019-06-12", "2010-10-27", "cheque"
"16759370258827119073", "南京分行", "443403198407289651", 103613, "2019-06-12", "2012-1-9", "deposit"
"33314465374740938987", "安徽省分行", "410403198201268777", 40704, "2019-06-12", "2016-9-6", "cheque"
"25303490199014528607", "安徽省分行", "410621198301095931", 123194, "2019-06-12", "2012-9-18", "deposit"
"65615440942359578193", "安徽省分行", "443403200402180089", 193858, "2019-06-12", "2016-8-23", "deposit"
"84024866139076658951", "北京分行", "410403199803016507", 37899, "2019-06-12", "2010-12-5", "cheque"
"02551197117546280868", "北京分行", "443621199710116492", 107440, "2019-06-12", "2013-8-7", "deposit"
"36997218311360120680", "上海分行", "410403200107255907", 175524, "2019-06-12", "2009-10-22", "deposit"
"44137930534561215065", "上海分行", "443403199208237595", 67505, "2019-06-12", "2008-10-1", "cheque"
"87281720701663976939", "北京分行", "443403199710258462", 133994, "2019-06-12", "2005-2-3", "deposit"
"23962419875341437523", "上海分行", "410621200708071145", 155371, "2019-06-12", "2006-1-7", "deposit"
"01367959224766723645", "南京分行", "221621199304075691", 18406, "2019-06-12", "2017-10-26", "deposit"
"79157580915057719559", "安徽省分行", "221621198710056606", 107433, "2019-06-12", "2005-7-19", "cheque"
"97259229649779679109", "北京分行", "443403199208237595", 159411, "2019-06-12", "2014-10-24", "deposit"
"14126422478588521348", "南京分行", "443403199710258462", 79404, "2019-06-12", "2010-10-22", "cheque"
"02050721936041141690", "南京分行", "410403198410108868", 23811, "2019-06-12", "2009-5-21", "deposit"
"13955469505941037040", "安徽省分行", "221403200407100105", 139107, "2019-06-12", "2007-10-22", "cheque"
"67823806485009333731", "安徽省分行", "221403200012100777", 165762, "2019-06-12", "2008-5-22", "deposit"
"92327240342068816781", "北京分行", "443621200907278414", 192281, "2019-06-12", "2005-9-20", "cheque"
"40183787653244937025", "北京分行", "443621199304274941", 120957, "2019-06-12", "2013-2-7", "deposit"
"86220435372226464096", "上海分行", "443621200309191562", 94287, "2019-06-12", "2007-1-3", "cheque"
"69681072703913336203", "安徽省分行", "410621198308256293", 112198, "2019-06-12", "2014-4-9", "cheque"
"15534054011738630208", "北京分行", "443403200209099140", 37048, "2019-06-12", "2016-1-27", "deposit"
"43458968171834434891", "上海分行", "221403200412072062", 170064, "2019-06-12", "2009-4-6", "cheque"
"87030213021489737825", "上海分行", "443403198407289651", 37709, "2019-06-12", "2010-9-15", "deposit"
"61435547100855950058", "北京分行", "221621199304075691", 137775, "2019-06-12", "2010-2-10", "deposit"
"03882526372025886497", "北京分行", "410403199412135767", 1262, "2019-06-12", "2010-10-24", "cheque"
"34072082468689121718", "南京分行", "410403199803016507", 104117, "2019-06-12", "2006-4-11", "cheque"
"31262776036122138395", "南京分行", "410621199408064447", 3773, "2019-06-12", "2006-3-20", "deposit"
"23894163228541898787", "安徽省分行", "221403198212022029", 150438, "2019-06-12", "2005-12-16", "deposit"
"62976914156279165405", "北京分行", "443621199912215954", 13141, "2019-06-12", "2011-3-26", "deposit"
"27075071245107005442", "安徽省分行", "221403199104207061", 126560, "2019-06-12", "2013-4-8", "cheque"
"35840492753419257023", "安徽省分行", "221621198202253940", 187567, "2019-06-12", "2016-3-7", "deposit"
"02695303332480078610", "上海分行", "443621198501066892", 117980, "2019-06-12", "2009-3-23", "cheque"
"74975270851429895963", "上海分行", "410621200708071145", 144764, "2019-06-12", "2011-8-22", "deposit"
"53031167972222232658", "安徽省分行", "221403198411201309", 63793, "2019-06-12", "2012-6-15", "cheque"
"56393861366222314685", "北京分行", "443403200402180089", 161503, "2019-06-12", "2009-8-20", "cheque"
"25096191363240607615", "北京分行", "443403200202197606", 107356, "2019-06-12", "2015-6-13", "deposit"
"63735795985846042922", "上海分行", "410403198201268777", 134728, "2019-06-12", "2005-8-18", "deposit"
"50671573401141986780", "北京分行", "410403199803016507", 62178, "2019-06-12", "2011-10-24", "deposit"
"91977118695891524567", "北京分行", "410403198201268777", 38663, "2019-06-12", "2015-3-19", "cheque"
"22379324798330132786", "北京分行", "410621198005075007", 73825, "2019-06-12", "2016-3-4", "deposit"
"80817344558240059352", "安徽省分行", "443621199912215954", 24829, "2019-06-12", "2008-8-21", "cheque"
"39641761841195970800", "北京分行", "410403198201268777", 125351, "2019-06-12", "2016-3-24", "cheque"
"68974503737126139614", "北京分行", "221403199206049468", 110061, "2019-06-12", "2017-3-1", "deposit"
"88831371746684784006", "上海分行", "221403200306255381", 44601, "2019-06-12", "2014-11-2", "cheque"
"20496481288915351013", "上海分行", "443403200004056044", 81218, "2019-06-12", "2015-11-7", "deposit"
"06981093162247050650", "安徽省分行", "443403200402180089", 70625, "2019-06-12", "2016-3-21", "cheque"
"86229796594555106560", "北京分行", "443403198407289651", 42860, "2019-06-12", "2015-10-8", "cheque"
"21132759747937034351", "上海分行", "410621199408064447", 24488, "2019-06-12", "2012-9-16", "cheque"
"95436127667280527533", "上海分行", "410403198410108868", 128677, "2019-06-12", "2010-9-6", "deposit"
"12565923990724686741", "北京分行", "443403199208237595", 113260, "2019-06-12", "2016-12-12", "deposit"
"27087348237774179992", "上海分行", "443403199208237595", 2796, "2019-06-12", "2011-8-13", "cheque"
"85308095642120220941", "安徽省分行", "443621198501066892", 152893, "2019-06-12", "2016-3-23", "deposit"
"41633902426918148522", "安徽省分行", "410621198905097631", 50613, "2019-06-12", "2016-2-18", "deposit"
"33050279209613036754", "北京分行", "221403198411201309", 167310, "2019-06-12", "2008-10-26", "deposit"
"29277050759914633562", "上海分行", "221403200407100105", 159593, "2019-06-12", "2007-7-16", "deposit"
"03686492811222970786", "安徽省分行", "443403198006021491", 69151, "2019-06-12", "2011-10-18", "deposit"
"39471988461083736329", "安徽省分行", "443403200212239378", 129198, "2019-06-12", "2017-12-21", "cheque"
"89444829923965149959", "北京分行", "410403198201268777", 190150, "2019-06-12", "2013-5-16", "cheque"
"57363831335919149667", "北京分行", "221621198202253940", 84360, "2019-06-12", "2014-1-12", "deposit"
"97530760281596583776", "上海分行", "410403199803016507", 124798, "2019-06-12", "2006-5-17", "cheque"
"92118097432153994692", "上海分行", "410621198005075007", 141902, "2019-06-12", "2010-6-7", "deposit"
"06604535911398340719", "南京分行", "221621198710056606", 23301, "2019-06-12", "2017-4-4", "deposit"
"53413679360160287079", "南京分行", "443621200107057408", 167090, "2019-06-12", "2011-3-24", "cheque"
"16438577817736669215", "安徽省分行", "443403198310229240", 170378, "2019-06-12", "2007-11-11", "deposit"
"72931838546062573781", "上海分行", "221621199304075691", 3401, "2019-06-12", "2015-5-17", "deposit"
"20268371070371652460", "安徽省分行", "221403200306255381", 49192, "2019-06-12", "2006-6-26", "cheque"
"20586554424632928031", "北京分行", "410621200708071145", 6610, "2019-06-12", "2007-9-21", "cheque"
"81193568971578000944", "北京分行", "221403198411201309", 152455, "2019-06-12", "2017-6-13", "deposit"
"95995027128216547497", "安徽省分行", "443621200907278414", 52740, "2019-06-12", "2005-12-9", "deposit"
"17342042675435715330", "南京分行", "221403199206049468", 117456, "2019-06-12", "2008-11-14", "cheque"
"34727766349589418152", "南京分行", "443403200004056044", 18977, "2019-06-12", "2010-3-15", "deposit"
"29410069762620789550", "南京分行", "221403198212022029", 193633, "2019-06-12", "2016-5-12", "deposit"
"77569660868755165677", "安徽省分行", "410621198308256293", 156244, "2019-06-12", "2005-9-16", "cheque"
"29913973074240381288", "上海分行", "221403200412072062", 51464, "2019-06-12", "2012-1-19", "cheque"
"32559240650026734704", "上海分行", "221403199206049468", 80500, "2019-06-12", "2011-11-7", "deposit"
"12673893581109242888", "北京分行", "410403198410108868", 29307, "2019-06-12", "2010-8-25", "deposit"
"08605613610135276180", "上海分行", "443621199304274941", 142831, "2019-06-12", "2015-7-12", "cheque"
"92541842215479378928", "安徽省分行", "221403200407100105", 169477, "2019-06-12", "2010-11-18", "deposit"
"29719765401639665039", "北京分行", "221403200306255381", 60145, "2019-06-12", "2005-7-26", "cheque"
"00435427303360647609", "北京分行", "410403200107255907", 192968, "2019-06-12", "2014-6-1", "deposit"
"38611215527419394762", "安徽省分行", "410621198905097631", 158324, "2019-06-12", "2005-4-13", "cheque"
"54926305409080200153", "安徽省分行", "410621198301095931", 145637, "2019-06-12", "2017-5-22", "deposit"
"17438928897299851330", "上海分行", "221403200407100105", 140055, "2019-06-12", "2014-10-12", "deposit"
"96770984405437413607", "南京分行", "221621199209143628", 171762, "2019-06-12", "2014-5-1", "cheque"
"52605571052665487195", "南京分行", "443403198006021491", 144935, "2019-06-12", "2013-1-23", "deposit"
"44278088983509202667", "南京分行", "443403200004056044", 191641, "2019-06-12", "2008-5-14", "cheque"
"67979703919495009637", "南京分行", "443621199912215954", 34535, "2019-06-12", "2010-1-11", "deposit"
"34443960991121421776", "上海分行", "410621199111136238", 176464, "2019-06-12", "2008-10-19", "deposit"
"58616951150944348681", "南京分行", "443403198006021491", 30618, "2019-06-12", "2006-3-2", "deposit"
"42464859728461457127", "南京分行", "410621198905097631", 7809, "2019-06-12", "2015-3-22", "deposit"
"60834401617553342265", "北京分行", "443621199407285622", 74431, "2019-06-12", "2005-9-4", "deposit"
"91122197239571121976", "上海分行", "221621200911083483", 14847, "2019-06-12", "2011-7-1", "cheque"
"87972350497985502500", "上海分行", "443403200212239378", 26843, "2019-06-12", "2007-5-11", "cheque"
"15811416197466189310", "上海分行", "443621199912215954", 157213, "2019-06-12", "2008-7-18", "deposit"
"99614916918770554372", "安徽省分行", "410621198905097631", 95670, "2019-06-12", "2006-5-19", "cheque"
"01516492941947583758", "北京分行", "221403200012100777", 181882, "2019-06-12", "2015-4-17", "deposit"
"65296993318744572614", "南京分行", "221403200012100777", 105935, "2019-06-12", "2006-10-1", "cheque"
"17359396277376004967", "南京分行", "443621199407285622", 135463, "2019-06-12", "2017-11-10", "deposit"
"25328454487608160659", "安徽省分行", "221621198507285283", 153005, "2019-06-12", "2017-8-21", "cheque"
"00488849024003630651", "安徽省分行", "221621199304075691", 86127, "2019-06-12", "2014-8-13", "deposit"
"72492908426434953975", "安徽省分行", "443621198501066892", 188812, "2019-06-12", "2011-10-23", "cheque"
"13834631267514900330", "上海分行", "443403199208237595", 173759, "2019-06-12", "2011-9-9", "cheque"
"12105075227222078898", "安徽省分行", "443621200907278414", 145637, "2019-06-12", "2006-8-11", "deposit"
"64799274606451388679", "南京分行", "443403198407289651", 127695, "2019-06-12", "2015-7-25", "deposit"
"04557017937230453383", "南京分行", "443621199407285622", 124515, "2019-06-12", "2016-1-22", "deposit"
"38408237911021767425", "北京分行", "443403198407289651", 111991, "2019-06-12", "2005-3-13", "deposit"
"79120795299185540127", "安徽省分行", "410621200708071145", 182296, "2019-06-12", "2010-5-13", "cheque"
"19120760277555220528", "北京分行", "443403198310229240", 60830, "2019-06-12", "2007-11-12", "deposit"
"13559611610032446679", "北京分行", "221403199206049468", 25987, "2019-06-12", "2008-7-24", "deposit"
"56582779578724316004", "南京分行", "443403198407289651", 122674, "2019-06-12", "2011-5-27", "cheque"
"52443675491094399571", "南京分行", "443621198501066892", 96403, "2019-06-12", "2008-2-11", "deposit"
"07525217795785654508", "南京分行", "221403200407100105", 2921, "2019-06-12", "2014-5-26", "cheque"
"66606678510344768592", "南京分行", "443621200907278414", 151558, "2019-06-12", "2009-2-27", "deposit"
"73658172296883499626", "安徽省分行", "410403199803016507", 60355, "2019-06-12", "2009-9-25", "deposit"
"21523896692523781626", "北京分行", "221403199206049468", 187965, "2019-06-12", "2013-12-19", "deposit"
"73829122456469314834", "南京分行", "410403199107084070", 147770, "2019-06-12", "2009-10-4", "cheque"
"18425796398226427112", "南京分行", "221403199104207061", 173182, "2019-06-12", "2015-11-12", "deposit"
"65223578690860012484", "安徽省分行", "221621198507285283", 79136, "2019-06-12", "2016-5-14", "cheque"
"36906477184569805586", "南京分行", "410621199111136238", 121671, "2019-06-12", "2006-12-5", "deposit"
"76789232634116270134", "安徽省分行", "443403200209099140", 35636, "2019-06-12", "2008-5-9", "cheque"
"67980391136186027014", "安徽省分行", "221621199304075691", 178593, "2019-06-12", "2010-7-27", "deposit"
"59150646909889994499", "北京分行", "410403199412135767", 52343, "2019-06-12", "2013-6-3", "cheque"
"37864139841322655142", "北京分行", "410621200708071145", 47772, "2019-06-12", "2008-8-27", "deposit"
"06310495601441679684", "上海分行", "410403199107084070", 70636, "2019-06-12", "2014-4-13", "deposit"
"29176284009617414379", "南京分行", "443403198107100483", 188123, "2019-06-12", "2012-8-20", "deposit"
"40721193303658101899", "安徽省分行", "443403200202197606", 180315, "2019-06-12", "2008-6-8", "cheque"
"32446696513672721901", "安徽省分行", "410403199412135767", 108488, "2019-06-12", "2015-4-17", "deposit"
"80835387324636216674", "上海分行", "443621198501066892", 125595, "2019-06-12", "2010-8-19", "cheque"
"76984524062650832981", "北京分行", "443403200209099140", 181004, "2019-06-12", "2014-3-20", "cheque"
"11201496049518245830", "安徽省分行", "221621199304075691", 101589, "2019-06-12", "2011-6-18", "deposit"
"69637590057258604123", "安徽省分行", "443403200202197606", 53082, "2019-06-12", "2005-1-8", "cheque"
"32171256475787051237", "北京分行", "410403199412135767", 16974, "2019-06-12", "2017-11-21", "cheque"
"54629276180220988732", "北京分行", "443403200004056044", 170158, "2019-06-12", "2007-10-25", "deposit"
"01153521024412140444", "上海分行", "443403200511014945", 184791, "2019-06-12", "2006-11-14", "cheque"
"96394333983496434177", "安徽省分行", "221621199209143628", 922, "2019-06-12", "2012-11-17", "cheque"
"33258674571738492656", "安徽省分行", "443621200107057408", 16229, "2019-06-12", "2007-3-25", "deposit"
"48320258002680392798", "安徽省分行", "410621198308256293", 137014, "2019-06-12", "2006-10-13", "deposit"
"32355307493802308471", "上海分行", "443621199912215954", 112398, "2019-06-12", "2007-4-12", "cheque"
"30891495109989136202", "安徽省分行", "221621200911083483", 100825, "2019-06-12", "2014-11-6", "deposit"
"77236651618116960860", "上海分行", "443403200202197606", 37889, "2019-06-12", "2009-6-16", "deposit"
"79673870404869367401", "安徽省分行", "410403200901191838", 81903, "2019-06-12", "2011-2-18", "deposit"
"62122790653690755026", "北京分行", "221403198411201309", 32652, "2019-06-12", "2006-12-21", "cheque"
"89936484315205750956", "北京分行", "221403198212022029", 91051, "2019-06-12", "2012-9-11", "deposit"
"16496619202666485868", "南京分行", "443621200309191562", 63023, "2019-06-12", "2007-12-6", "cheque"
"40074505621402766880", "安徽省分行", "443403200402180089", 117430, "2019-06-12", "2011-12-2", "deposit"
"83919306476741300584", "北京分行", "410403199107084070", 198230, "2019-06-12", "2008-2-19", "cheque"
"23119940586640942503", "上海分行", "443621198501066892", 91014, "2019-06-12", "2012-8-24", "deposit"
"65615093284293204232", "安徽省分行", "443403200004056044", 95450, "2019-06-12", "2011-1-18", "cheque"
"52556059874292459798", "南京分行", "443403198006021491", 77069, "2019-06-12", "2017-10-10", "cheque"
"45030700689781290198", "安徽省分行", "221621199209143628", 94897, "2019-06-12", "2016-12-2", "deposit"
"46171268475517386303", "安徽省分行", "443621199304274941", 33023, "2019-06-12", "2013-9-16", "cheque"
"31633325176940093988", "北京分行", "410621198905097631", 194806, "2019-06-12", "2015-6-16", "deposit"
"03993410592616518166", "上海分行", "221621198202253940", 157534, "2019-06-12", "2005-9-21", "cheque"
"48314224742271205826", "上海分行", "443621199912215954", 41019, "2019-06-12", "2016-6-4", "deposit"
"24536104868057439608", "南京分行", "443621198501066892", 174755, "2019-06-12", "2011-8-14", "deposit"
"67448388056930528046", "安徽省分行", "410621199408064447", 17238, "2019-06-12", "2015-3-26", "deposit"
"96101278939029386991", "上海分行", "410621199408064447", 160227, "2019-06-12", "2008-3-13", "cheque"
"50156847339717608097", "安徽省分行", "410621198301095931", 140240, "2019-06-12", "2005-12-26", "cheque"
"31281148030630502950", "南京分行", "443403200212239378", 68197, "2019-06-12", "2010-4-1", "deposit"
"89265896168182720935", "安徽省分行", "221621199209143628", 40697, "2019-06-12", "2016-10-8", "deposit"
"02761019985603894445", "北京分行", "443621199912215954", 107481, "2019-06-12", "2015-10-7", "cheque"
"17541368257584883168", "安徽省分行", "221621200911083483", 188767, "2019-06-12", "2016-7-13", "cheque"
"21020386125034523374", "安徽省分行", "410621198301095931", 39091, "2019-06-12", "2009-11-15", "deposit"
"88000013106480496150", "上海分行", "410621199408064447", 130318, "2019-06-12", "2005-9-27", "cheque"
"89964440660027893234", "上海分行", "221621199209143628", 18818, "2019-06-12", "2011-10-21", "deposit"
"44652055838639191457", "北京分行", "443403200212239378", 65515, "2019-06-12", "2008-5-18", "deposit"
"26324632910219980503", "上海分行", "221621200911083483", 129509, "2019-06-12", "2006-6-3", "cheque"
"13400818156250600556", "上海分行", "443403200402180089", 59886, "2019-06-12", "2012-9-7", "deposit"
"84158176832933590392", "南京分行", "410403200901191838", 38178, "2019-06-12", "2005-4-4", "deposit"
"13526501979085615548", "安徽省分行", "221621198710056606", 105249, "2019-06-12", "2008-12-5", "cheque"
"01146099792921980327", "南京分行", "443621200907278414", 101345, "2019-06-12", "2017-6-20", "cheque"
"84663158126608238410", "北京分行", "443403200212239378", 148294, "2019-06-12", "2005-11-23", "deposit"
"44424390642282796163", "南京分行", "443621200309191562", 141763, "2019-06-12", "2012-2-15", "cheque"
"77476872842077909355", "南京分行", "443621198501066892", 19488, "2019-06-12", "2005-3-13", "deposit"
"60656412176610409392", "上海分行", "443621199912215954", 45019, "2019-06-12", "2015-2-3", "deposit"
"14125614972914546771", "安徽省分行", "221403199104207061", 93132, "2019-06-12", "2016-8-18", "deposit"
"49677649471576549625", "上海分行", "443403198310229240", 143841, "2019-06-12", "2014-9-24", "cheque"
"11415880675865330818", "安徽省分行", "221621201009183831", 129599, "2019-06-12", "2007-8-25", "cheque"
"82241391630531032246", "安徽省分行", "443403198310229240", 86320, "2019-06-12", "2016-12-23", "deposit"
"37858195929171510861", "南京分行", "221403200407100105", 11241, "2019-06-12", "2010-12-8", "cheque"
"33932540302677778775", "北京分行", "221621199304075691", 140960, "2019-06-12", "2014-9-5", "deposit"
"64757550057924919442", "南京分行", "410403199803016507", 51156, "2019-06-12", "2005-10-13", "cheque"
"32911400461575337637", "南京分行", "443621199912215954", 81760, "2019-06-12", "2013-4-20", "deposit"
"16315639108744276696", "北京分行", "443621200907278414", 121952, "2019-06-12", "2008-7-2", "cheque"
"84911119712866134785", "南京分行", "410403199107084070", 174600, "2019-06-12", "2013-10-7", "cheque"
"30280984377001952015", "安徽省分行", "410403198410108868", 26374, "2019-06-12", "2009-5-13", "deposit"
"11938639449489163721", "安徽省分行", "221621200911083483", 175607, "2019-06-12", "2005-9-14", "cheque"
"68786501505839933288", "安徽省分行", "410621199111136238", 163793, "2019-06-12", "2007-9-7", "deposit"
"71045580026476656677", "安徽省分行", "221621199209143628", 72386, "2019-06-12", "2016-6-17", "cheque"
"93960060687863762858", "上海分行", "221403199206049468", 32269, "2019-06-12", "2008-1-5", "cheque"
"03018001358159570222", "上海分行", "221403198411201309", 175268, "2019-06-12", "2015-12-9", "deposit"
"45969985197659869941", "南京分行", "221621198507285283", 179733, "2019-06-12", "2011-3-12", "deposit"
"58969900650913664544", "北京分行", "221621199209143628", 116012, "2019-06-12", "2010-9-3", "deposit"
"69735902926400396289", "上海分行", "410621198905097631", 83971, "2019-06-12", "2011-9-24", "cheque"
"04103377241638496375", "上海分行", "221621199209143628", 173932, "2019-06-12", "2015-5-19", "deposit"
"77154513845261993437", "上海分行", "221403198212022029", 1669, "2019-06-12", "2017-1-23", "deposit"
"70755619654816676205", "北京分行", "443403200209099140", 142234, "2019-06-12", "2010-2-17", "cheque"
"21974606867884201608", "南京分行", "443621200309191562", 24375, "2019-06-12", "2016-11-10", "deposit"
"48677776162327438355", "安徽省分行", "221403198411201309", 169944, "2019-06-12", "2014-11-10", "cheque"
"83170653912693677629", "南京分行", "443403200209099140", 79561, "2019-06-12", "2007-11-4", "cheque"
"02454434606230706179", "南京分行", "221621201009183831", 61598, "2019-06-12", "2006-8-15", "deposit"
"65856221783420529815", "安徽省分行", "443403199710258462", 66109, "2019-06-12", "2010-4-21", "cheque"
"77617338258015401931", "安徽省分行", "221403199206049468", 57314, "2019-06-12", "2014-10-20", "deposit"
"46641644274455134513", "南京分行", "221403200412072062", 113635, "2019-06-12", "2009-1-19", "cheque"
"34332027616547200374", "南京分行", "443403198407289651", 170665, "2019-06-12", "2006-3-23", "deposit"
"60488727174819611372", "上海分行", "443403198006021491", 57014, "2019-06-12", "2015-4-25", "deposit"
"86911099674026357872", "南京分行", "443403200209099140", 89992, "2019-06-12", "2005-8-3", "cheque"
"73335391675925317736", "南京分行", "221621200911083483", 28994, "2019-06-12", "2017-2-2", "deposit"
"74568418288206953952", "安徽省分行", "410621199111136238", 161552, "2019-06-12", "2015-8-26", "deposit"
"36399774812505438610", "北京分行", "221403200412072062", 29716, "2019-06-12", "2009-3-27", "deposit"
"53356755119680199664", "上海分行", "221403200412072062", 5813, "2019-06-12", "2017-6-10", "cheque"
"40100137913078683717", "上海分行", "443403199710258462", 145152, "2019-06-12", "2013-8-25", "cheque"
"84225576613047244217", "上海分行", "443621199407285622", 185102, "2019-06-12", "2014-7-21", "deposit"
"36304354048065502247", "南京分行", "443403199710258462", 9690, "2019-06-12", "2009-4-6", "deposit"
"27537054507839345885", "北京分行", "443621199710116492", 169170, "2019-06-12", "2009-2-6", "cheque"
"86056827605600460334", "南京分行", "443403200110243402", 21059, "2019-06-12", "2016-6-23", "cheque"
"18711837149884420629", "南京分行", "221403199206049468", 125417, "2019-06-12", "2006-1-5", "deposit"
"48017510255982615772", "南京分行", "443621198501066892", 33195, "2019-06-12", "2005-4-3", "cheque"
"02371887091136081695", "安徽省分行", "443621199407285622", 143317, "2019-06-12", "2014-4-23", "deposit"
"64135314737304318421", "上海分行", "410403198410108868", 39963, "2019-06-12", "2014-12-14", "deposit"
"45477869849228424927", "南京分行", "221403200306255381", 195158, "2019-06-12", "2016-10-17", "cheque"
"02692701860512716629", "北京分行", "410403199107084070", 19696, "2019-06-12", "2005-2-2", "deposit"
"31538568953713446787", "上海分行", "221403200412072062", 85805, "2019-06-12", "2005-6-12", "cheque"
"06631802277345457063", "安徽省分行", "221403200412072062", 132736, "2019-06-12", "2007-8-27", "cheque"
"76310885752036197093", "安徽省分行", "443403198107100483", 142105, "2019-06-12", "2015-5-11", "deposit"
"75353528553113835172", "上海分行", "443403198310229240", 63861, "2019-06-12", "2013-12-4", "deposit"
"65262127646551597913", "安徽省分行", "221403200012100777", 7821, "2019-06-12", "2012-2-4", "deposit"
"35961288545988562634", "北京分行", "443403198107100483", 70376, "2019-06-12", "2008-2-23", "cheque"
"45967119674154610199", "南京分行", "443621200309191562", 51702, "2019-06-12", "2017-4-19", "cheque"
"58589148845277886881", "北京分行", "221403199206049468", 81245, "2019-06-12", "2008-12-9", "deposit"
"66601727456442930278", "上海分行", "443403200004056044", 165965, "2019-06-12", "2014-3-13", "cheque"
"23765530776618398601", "上海分行", "443621199912215954", 3917, "2019-06-12", "2005-7-16", "deposit"
"52704388065134068741", "南京分行", "443403200402180089", 79727, "2019-06-12", "2015-8-6", "deposit"
"46026413360337412404", "安徽省分行", "443403199208237595", 101158, "2019-06-12", "2008-2-12", "cheque"
"88980578083453748820", "安徽省分行", "443403199710258462", 144381, "2019-06-12", "2005-9-22", "deposit"
"16743477763412296102", "北京分行", "221621199304075691", 165733, "2019-06-12", "2008-1-14", "deposit"
"31826867378244988292", "南京分行", "221403200306255381", 123842, "2019-06-12", "2012-1-10", "cheque"
"64950261329707091937", "北京分行", "221621200911083483", 144781, "2019-06-12", "2015-10-13", "cheque"
"76179415113740264512", "上海分行", "443403200212239378", 162660, "2019-06-12", "2014-10-12", "cheque"
"33025774753553152540", "安徽省分行", "221621198202253940", 32525, "2019-06-12", "2010-10-4", "cheque"
"31285198912476377856", "安徽省分行", "410621200708071145", 29055, "2019-06-12", "2013-5-4", "deposit"
"07346223086310751372", "北京分行", "443621199407285622", 176791, "2019-06-12", "2015-12-26", "cheque"
"77048861373597020123", "上海分行", "221403198212022029", 161696, "2019-06-12", "2011-12-2", "cheque"
"63612698035222810124", "上海分行", "221621198202253940", 22851, "2019-06-12", "2006-7-8", "deposit"
"54704629814171195122", "南京分行", "221403200012100777", 123790, "2019-06-12", "2017-5-1", "cheque"
"35713458112314040371", "南京分行", "443403199710258462", 11185, "2019-06-12", "2016-8-13", "deposit"
"55599377523565959846", "北京分行", "410403199412135767", 153175, "2019-06-12", "2011-5-3", "cheque"
"60339990554046142364", "北京分行", "410403198410108868", 70507, "2019-06-12", "2011-7-14", "deposit"
"10300562123272763912", "上海分行", "443621199304274941", 85609, "2019-06-12", "2006-6-5", "cheque"
"30721550762473401379", "上海分行", "221621199209143628", 55939, "2019-06-12", "2007-11-20", "deposit"
"26635287486829675174", "安徽省分行", "221621200911083483", 19028, "2019-06-12", "2011-9-15", "cheque"
"25676044857253885142", "上海分行", "221403200407100105", 109516, "2019-06-12", "2016-10-15", "deposit"
"59587720681934098811", "安徽省分行", "221621198507285283", 144036, "2019-06-12", "2015-8-11", "deposit"
"38745544939462523983", "上海分行", "410621198301095931", 184146, "2019-06-12", "2012-7-1", "cheque"
"67305817082344788004", "南京分行", "410403198201268777", 120321, "2019-06-12", "2009-11-21", "deposit"
"21295368642592426348", "北京分行", "410621198308256293", 69551, "2019-06-12", "2013-11-1", "cheque"
"70152764212722032365", "上海分行", "410403198201268777", 79916, "2019-06-12", "2005-3-4", "deposit"
"37425033698974166164", "南京分行", "443403200511014945", 34332, "2019-06-12", "2010-1-7", "cheque"
"70649030270450637658", "南京分行", "410403199412135767", 112053, "2019-06-12", "2017-7-23", "cheque"
"10660262739174874814", "南京分行", "443621199304274941", 109239, "2019-06-12", "2008-11-3", "deposit"
"75876371651685369511", "安徽省分行", "410403198410108868", 134924, "2019-06-12", "2008-4-27", "cheque"
"54531094004630908314", "安徽省分行", "410621199111136238", 198340, "2019-06-12", "2006-7-2", "deposit"
"47053122798328175306", "上海分行", "221403199206049468", 38168, "2019-06-12", "2007-10-12", "cheque"
"86049309034962695845", "南京分行", "443403200402180089", 125047, "2019-06-12", "2006-2-18", "cheque"
"57353626113671228434", "南京分行", "221403199206049468", 126332, "2019-06-12", "2005-12-27", "deposit"
"84394686674916504130", "南京分行", "221403200306255381", 109056, "2019-06-12", "2013-1-9", "cheque"
"04450324956110293526", "北京分行", "443403198407289651", 112010, "2019-06-12", "2006-1-13", "cheque"
"29539741427419136314", "北京分行", "221621199304075691", 181025, "2019-06-12", "2008-12-24", "deposit"
"17422767648452807086", "安徽省分行", "443403200402180089", 176799, "2019-06-12", "2007-10-9", "deposit"
"58654253745359076415", "上海分行", "221403199104207061", 40854, "2019-06-12", "2014-7-26", "deposit"
"67425089674595434058", "北京分行", "443621199912215954", 116703, "2019-06-12", "2006-4-23", "deposit"
"60963077135135784239", "南京分行", "443403198310229240", 161177, "2019-06-12", "2008-3-16", "cheque"
"33462855495320811946", "南京分行", "410621199408064447", 193084, "2019-06-12", "2009-12-23", "deposit"
"84566552884792555294", "北京分行", "410621198905097631", 107419, "2019-06-12", "2017-9-17", "deposit"
"30077913945831955708", "南京分行", "221403198411201309", 74943, "2019-06-12", "2006-11-11", "cheque"
"69536357262166247322", "安徽省分行", "410621198005075007", 1536, "2019-06-12", "2015-4-16", "cheque"
"45144640178442826839", "南京分行", "443621200107057408", 93866, "2019-06-12", "2012-12-17", "cheque"
"87891631090535751594", "南京分行", "443403200212239378", 176198, "2019-06-12", "2010-2-2", "deposit"
"60782338574064581209", "上海分行", "410621198005075007", 93525, "2019-06-12", "2017-5-4", "cheque"
"66124434295440942665", "南京分行", "443621199710116492", 118921, "2019-06-12", "2005-3-12", "cheque"
"65312838959501530356", "安徽省分行", "410403198410108868", 187525, "2019-06-12", "2011-10-19", "cheque"
"98607050387968297595", "安徽省分行", "410621198308256293", 103217, "2019-06-12", "2016-5-17", "deposit"
"08286194777577155911", "南京分行", "221403199104207061", 134342, "2019-06-12", "2013-9-11", "cheque"
"28003421234870180257", "南京分行", "221621198710056606", 175464, "2019-06-12", "2016-8-19", "deposit"
"28462888669267030798", "北京分行", "221403200012100777", 150733, "2019-06-12", "2005-11-21", "cheque"
"94176106954054352116", "上海分行", "410621199111136238", 150619, "2019-06-12", "2011-9-13", "cheque"
"47102680787115571209", "北京分行", "410403200901191838", 172516, "2019-06-12", "2005-12-11", "deposit"
"10463139584051457054", "上海分行", "443403200004056044", 113837, "2019-06-12", "2010-9-2", "cheque"
"77568824115918063929", "南京分行", "410621198301095931", 107150, "2019-06-12", "2010-10-13", "cheque"
"33720407359160585016", "南京分行", "221403198411201309", 114701, "2019-06-12", "2008-9-26", "deposit"
"14719922320935541803", "安徽省分行", "443403200212239378", 39338, "2019-06-12", "2012-2-21", "cheque"
"19741862325836708662", "安徽省分行", "221621199304075691", 38862, "2019-06-12", "2008-6-15", "deposit"
"57238397111646513559", "北京分行", "443403200212239378", 120385, "2019-06-12", "2013-6-13", "deposit"
"14659191040683757464", "上海分行", "443621200907278414", 79651, "2019-06-12", "2005-9-25", "cheque"
"23459000896698164085", "北京分行", "221621198202253940", 119733, "2019-06-12", "2006-12-18", "cheque"
"32740778166591413072", "北京分行", "443403200202197606", 195502, "2019-06-12", "2009-1-4", "cheque"
"54933284887659106566", "南京分行", "443403199208237595", 195105, "2019-06-12", "2013-10-19", "deposit"
"42261826458466299085", "安徽省分行", "221403198411201309", 195608, "2019-06-12", "2008-2-5", "cheque"
"86983879662486105426", "南京分行", "443403200212239378", 111392, "2019-06-12", "2007-10-15", "cheque"
"57244078915278010431", "南京分行", "410621199111136238", 164585, "2019-06-12", "2006-1-21", "deposit"
"10545799244612337208", "北京分行", "410621199408064447", 17827, "2019-06-12", "2005-12-1", "deposit"
"42580474992897541162", "上海分行", "221403200306255381", 154854, "2019-06-12", "2006-5-7", "deposit"
"16959853405834011301", "上海分行", "221621198710056606", 53013, "2019-06-12", "2013-5-9", "deposit"
"12350726455747104791", "北京分行", "443403200110243402", 11137, "2019-06-12", "2013-7-7", "cheque"
"15566007696700524126", "北京分行", "443621199407285622", 122515, "2019-06-12", "2007-10-14", "deposit"
"58665818376641323207", "南京分行", "410403200107255907", 118781, "2019-06-12", "2017-3-13", "deposit"
"09625620889474945867", "安徽省分行", "221403199104207061", 38625, "2019-06-12", "2008-12-8", "cheque"
"84023754208319258041", "北京分行", "221621201009183831", 161057, "2019-06-12", "2017-9-18", "cheque"
"51866734189777452704", "北京分行", "443403200004056044", 97231, "2019-06-12", "2013-10-10", "deposit"
"63753141684155127933", "上海分行", "443403200402180089", 62051, "2019-06-12", "2017-2-14", "deposit"
"12361114218170392337", "安徽省分行", "443621199304274941", 171626, "2019-06-12", "2005-6-13", "cheque"
"41567119398585997161", "北京分行", "443403200402180089", 52598, "2019-06-12", "2015-7-17", "cheque"
"18007906381683742134", "北京分行", "443403200209099140", 104162, "2019-06-12", "2017-7-14", "deposit"
"69887910950634407786", "南京分行", "443621200309191562", 183882, "2019-06-12", "2013-8-7", "cheque"
"37258065953490152094", "南京分行", "410403199107084070", 38915, "2019-06-12", "2012-11-24", "deposit"
"76956066101101706400", "安徽省分行", "410403199803016507", 148920, "2019-06-12", "2005-9-14", "cheque"
"82177188301387215672", "安徽省分行", "221403200306255381", 161381, "2019-06-12", "2017-2-11", "deposit"
"35802924141043820119", "北京分行", "443403199710258462", 27913, "2019-06-12", "2014-3-11", "deposit"
"14203647019230092864", "南京分行", "221403198411201309", 60144, "2019-06-12", "2016-7-10", "cheque"
"00975953102697284605", "南京分行", "221621200911083483", 139406, "2019-06-12", "2012-8-26", "deposit"
"66811360588370438771", "北京分行", "443621200309191562", 173098, "2019-06-12", "2010-11-10", "deposit"
"75216116094675373254", "北京分行", "443403199710258462", 187904, "2019-06-12", "2016-10-3", "cheque"
"06648195087955436407", "北京分行", "221403200012100777", 57113, "2019-06-12", "2017-7-4", "cheque"
"17584633278763797584", "北京分行", "443621199710116492", 144456, "2019-06-12", "2013-6-17", "cheque"
"18131763432363200943", "上海分行", "221403200306255381", 99987, "2019-06-12", "2016-6-11", "deposit"
"72572760083474861198", "南京分行", "443403200110243402", 153814, "2019-06-12", "2015-8-15", "deposit"
"62800933619135977042", "安徽省分行", "443621199407285622", 164603, "2019-06-12", "2013-11-27", "cheque"
"32317856760747386036", "安徽省分行", "443403200004056044", 109564, "2019-06-12", "2006-4-23", "cheque"
"62322191629948735560", "北京分行", "221621200911083483", 55586, "2019-06-12", "2012-10-10", "deposit"
"37488796479040779022", "安徽省分行", "443403200004056044", 103643, "2019-06-12", "2017-2-7", "deposit"
"39251184787295556746", "安徽省分行", "443621200907278414", 49134, "2019-06-12", "2016-1-4", "deposit"
"92824633451761723463", "安徽省分行", "410403199412135767", 117212, "2019-06-12", "2011-4-22", "cheque"
"15963736045577692433", "上海分行", "221621198507285283", 53469, "2019-06-12", "2007-7-12", "cheque"
"03524756066348789456", "安徽省分行", "443403200212239378", 7935, "2019-06-12", "2005-7-2", "deposit"
"10640992587751737370", "安徽省分行", "221621198202253940", 114637, "2019-06-12", "2010-12-12", "cheque"
"07710224693639234989", "北京分行", "443621199304274941", 75733, "2019-06-12", "2013-8-13", "cheque"
"59507027803483790537", "北京分行", "410403199803016507", 196829, "2019-06-12", "2017-5-26", "deposit"
"29104725565100215246", "南京分行", "221621199304075691", 11688, "2019-06-12", "2013-6-27", "cheque"
"59546096328391239250", "南京分行", "443403200511014945", 77351, "2019-06-12", "2014-9-24", "deposit"
"42899003754933463782", "北京分行", "443621199912215954", 122223, "2019-06-12", "2010-12-10", "cheque"
"44565842995176839633", "上海分行", "443403199208237595", 61685, "2019-06-12", "2017-10-5", "deposit"
"33362411121351927089", "上海分行", "443403200212239378", 154280, "2019-06-12", "2015-9-1", "cheque"
"48750525999047936718", "安徽省分行", "410621199408064447", 9522, "2019-06-12", "2006-2-26", "deposit"
"52652510895395236491", "北京分行", "443403198407289651", 75565, "2019-06-12", "2015-5-12", "deposit"
"23080410920362895347", "上海分行", "221621198202253940", 4197, "2019-06-12", "2010-9-9", "deposit"
"90601315432013353799", "北京分行", "221403200012100777", 152609, "2019-06-12", "2011-7-22", "deposit"
"95765970595973357192", "南京分行", "410621200708071145", 138202, "2019-06-12", "2012-4-11", "cheque"
"94002515414199408083", "北京分行", "221621199209143628", 102958, "2019-06-12", "2005-9-22", "deposit"
"31275332263718564431", "安徽省分行", "443403200402180089", 24046, "2019-06-12", "2015-5-26", "deposit"
"45491022276039785287", "上海分行", "410403199412135767", 80597, "2019-06-12", "2011-9-21", "deposit"
"58890401012028137899", "北京分行", "443403200511014945", 95324, "2019-06-12", "2011-9-2", "deposit"
"63530759022714235507", "南京分行", "443621199304274941", 31739, "2019-06-12", "2005-3-25", "cheque"
"89614249393381826555", "南京分行", "443621200907278414", 128855, "2019-06-12", "2017-1-26", "deposit"
"37678783176159661600", "上海分行", "221621198507285283", 149731, "2019-06-12", "2015-4-8", "deposit"
"95820611512910663691", "上海分行", "410621199111136238", 166191, "2019-06-12", "2006-1-10", "cheque"
"90781462552635586853", "安徽省分行", "443621200907278414", 46655, "2019-06-12", "2009-7-11", "deposit"
"80473308123602753578", "北京分行", "410621199408064447", 7751, "2019-06-12", "2014-9-5", "cheque"
"97614885603720967036", "上海分行", "221621199209143628", 155682, "2019-06-12", "2011-8-12", "cheque"
"12069209923988298027", "上海分行", "410621199408064447", 167969, "2019-06-12", "2009-11-20", "deposit"
"45200579519208663440", "安徽省分行", "410403199803016507", 7381, "2019-06-12", "2016-11-4", "cheque"
"41335048711011863724", "北京分行", "221621198507285283", 176556, "2019-06-12", "2008-12-7", "cheque"
"40044366628148400540", "北京分行", "443403199208237595", 145901, "2019-06-12", "2015-3-15", "deposit"
"68206310296478477293", "南京分行", "410621198308256293", 71524, "2019-06-12", "2010-7-27", "cheque"
"84270280848048347870", "北京分行", "443621200107057408", 98274, "2019-06-12", "2005-2-17", "cheque"
"75854804826113170679", "北京分行", "221621198710056606", 172517, "2019-06-12", "2014-9-26", "deposit"
"06218359016072475415", "北京分行", "221403199206049468", 115102, "2019-06-12", "2005-2-24", "cheque"
"04121004351216922299", "北京分行", "443403200402180089", 37531, "2019-06-12", "2010-8-18", "deposit"
"03187365507085402852", "上海分行", "221403200306255381", 161519, "2019-06-12", "2008-3-16", "deposit"
"78909060354941267769", "北京分行", "410621198301095931", 185968, "2019-06-12", "2016-8-19", "cheque"
"43306783912234419484", "北京分行", "443621198501066892", 129315, "2019-06-12", "2010-5-10", "deposit"
"60182030140527327681", "南京分行", "410403199107084070", 183214, "2019-06-12", "2010-3-4", "cheque"
"05556053134008203789", "南京分行", "221621200911083483", 113412, "2019-06-12", "2011-4-4", "deposit"
"54793888178565930934", "南京分行", "410403200901191838", 79953, "2019-06-12", "2013-9-5", "deposit"
"40512046296347960926", "上海分行", "221403200012100777", 160892, "2019-06-12", "2010-7-26", "cheque"
"73244434698911532599", "上海分行", "221403200306255381", 24693, "2019-06-12", "2007-4-21", "deposit"
"82614509783887179601", "安徽省分行", "410621198301095931", 34130, "2019-06-12", "2009-1-24", "cheque"
"52155196055101870871", "安徽省分行", "410403198201268777", 68661, "2019-06-12", "2006-1-15", "cheque"
"27716271540735566005", "上海分行", "443403200511014945", 173824, "2019-06-12", "2010-1-20", "cheque"
"25030489200565373463", "上海分行", "221403200306255381", 23517, "2019-06-12", "2010-11-6", "deposit"
"30492395914159613134", "安徽省分行", "221403200012100777", 177961, "2019-06-12", "2006-1-23", "cheque"
"06535449935002972040", "上海分行", "443621199710116492", 24010, "2019-06-12", "2017-3-6", "cheque"
"09690093433160566683", "上海分行", "410403200107255907", 100346, "2019-06-12", "2015-12-23", "deposit"
"44828126342706873713", "安徽省分行", "443621200907278414", 157469, "2019-06-12", "2007-10-3", "cheque"
"44804482398934904350", "安徽省分行", "221403200407100105", 107530, "2019-06-12", "2006-8-8", "deposit"
"46068529545507553330", "北京分行", "443403200004056044", 133628, "2019-06-12", "2007-10-7", "deposit"
"98800769203172088244", "上海分行", "410621200708071145", 112228, "2019-06-12", "2012-2-9", "deposit"
"74062801947654263722", "南京分行", "443403200511014945", 38452, "2019-06-12", "2012-11-4", "cheque"
"11188385206755881441", "南京分行", "443403198310229240", 106004, "2019-06-12", "2006-11-8", "deposit"
"53720898602749192299", "上海分行", "443403200004056044", 42170, "2019-06-12", "2015-7-9", "cheque"
"53855771808025121149", "南京分行", "221403200012100777", 17929, "2019-06-12", "2006-8-18", "cheque"
"11041269221299781808", "南京分行", "410403199803016507", 138471, "2019-06-12", "2007-9-8", "deposit"
"97217655570823362373", "安徽省分行", "410403198410108868", 166097, "2019-06-12", "2009-7-7", "cheque"
"64386906016487450474", "安徽省分行", "221621200911083483", 96944, "2019-06-12", "2016-11-27", "deposit"
"07707670750246379061", "北京分行", "221621198710056606", 144410, "2019-06-12", "2016-3-17", "cheque"
"74454006789907560896", "上海分行", "443621198501066892", 80539, "2019-06-12", "2007-11-9", "deposit"
"16530111995588504051", "南京分行", "221403200012100777", 174143, "2019-06-12", "2016-4-15", "cheque"
"57973016670217299963", "南京分行", "410403199412135767", 132780, "2019-06-12", "2006-6-2", "deposit"
"05471989791498381808", "上海分行", "443621199407285622", 124924, "2019-06-12", "2015-3-4", "deposit"
"14405670403589272937", "南京分行", "443403199208237595", 94122, "2019-06-12", "2005-10-10", "deposit"
"03101467434905020851", "北京分行", "410621198005075007", 196793, "2019-06-12", "2005-6-26", "cheque"
"31491314037470360551", "上海分行", "443621200107057408", 40219, "2019-06-12", "2008-9-17", "cheque"
"34168519316247793943", "上海分行", "443403198107100483", 99012, "2019-06-12", "2017-5-20", "deposit"
"32655905540352750204", "南京分行", "443403200511014945", 14671, "2019-06-12", "2010-11-9", "deposit"
"84372702811033451592", "安徽省分行", "443621199710116492", 141516, "2019-06-12", "2005-6-7", "deposit"
"29165634451593201046", "南京分行", "410403199803016507", 96475, "2019-06-12", "2014-1-27", "cheque"
"28876184727981368840", "安徽省分行", "221621199209143628", 111826, "2019-06-12", "2005-6-11", "deposit"
"69124583522747350352", "南京分行", "410403199412135767", 62201, "2019-06-12", "2006-6-14", "cheque"
"16968138900868727770", "南京分行", "410621198005075007", 33368, "2019-06-12", "2017-5-22", "deposit"
"66589784328795082244", "北京分行", "443621200309191562", 12664, "2019-06-12", "2015-10-24", "deposit"
"32973494950587755795", "上海分行", "443403198310229240", 16377, "2019-06-12", "2008-11-2", "deposit"
"47358041533889563882", "南京分行", "443621200107057408", 70920, "2019-06-12", "2007-10-19", "cheque"
"37277711424423356096", "安徽省分行", "443403200511014945", 182559, "2019-06-12", "2012-7-8", "deposit"
"35385209177211672686", "北京分行", "443403200402180089", 170521, "2019-06-12", "2013-10-26", "cheque"
"86632175287646403430", "安徽省分行", "443621199304274941", 116475, "2019-06-12", "2012-7-13", "deposit"
"45522741738061553955", "南京分行", "443403200511014945", 185397, "2019-06-12", "2016-10-13", "deposit"
"88930132041875809805", "安徽省分行", "410621198905097631", 177998, "2019-06-12", "2006-1-14", "cheque"
"71700337251013474152", "安徽省分行", "221621201009183831", 36427, "2019-06-12", "2013-11-5", "deposit"
"30345195655739613206", "安徽省分行", "443403198310229240", 159095, "2019-06-12", "2006-10-9", "cheque"
"79044815877453578774", "安徽省分行", "443621199407285622", 186071, "2019-06-12", "2007-9-24", "deposit"
"57043153302328460772", "北京分行", "410621198308256293", 140072, "2019-06-12", "2015-5-19", "cheque"
"18129343409957470563", "北京分行", "221403200412072062", 172726, "2019-06-12", "2012-10-5", "deposit"
"71438770647759997664", "南京分行", "443621199304274941", 182076, "2019-06-12", "2013-5-15", "cheque"
"86552136944124407398", "南京分行", "443621199710116492", 148940, "2019-06-12", "2015-12-17", "deposit"
"66599645275452344449", "安徽省分行", "221403200306255381", 159168, "2019-06-12", "2007-3-6", "cheque"
"79797782322942877466", "北京分行", "221621198507285283", 14430, "2019-06-12", "2013-1-10", "cheque"
"13736651893143244637", "南京分行", "410403200107255907", 134163, "2019-06-12", "2014-12-22", "deposit"
"20595010749802635429", "南京分行", "221403199206049468", 13191, "2019-06-12", "2011-6-16", "cheque"
"03681692813039853049", "南京分行", "443621199304274941", 124078, "2019-06-12", "2015-5-8", "deposit"
"30461202539345213542", "安徽省分行", "443621199710116492", 7760, "2019-06-12", "2009-2-25", "deposit"
"30923710593414575236", "南京分行", "221621198710056606", 80906, "2019-06-12", "2011-12-10", "deposit"
"49671134294398389760", "安徽省分行", "221403200412072062", 110234, "2019-06-12", "2015-2-10", "cheque"
"22350091268339656583", "北京分行", "221621199304075691", 150820, "2019-06-12", "2009-2-26", "cheque"
"61906015054995108991", "上海分行", "443403199208237595", 111317, "2019-06-12", "2010-7-14", "cheque"
"97396662817309749090", "南京分行", "443621199710116492", 174518, "2019-06-12", "2005-5-1", "cheque"
"06800035024273360527", "南京分行", "221403199206049468", 122923, "2019-06-12", "2005-3-20", "deposit"
"37007485146962817183", "上海分行", "443621200309191562", 51189, "2019-06-12", "2017-6-15", "cheque"
"20703647976386070769", "上海分行", "443403200402180089", 85018, "2019-06-12", "2008-7-4", "deposit"
"19025241014728414629", "上海分行", "221403198212022029", 200000, "2019-06-12", "2008-12-22", "cheque"
"72451869901114967185", "上海分行", "410621199408064447", 181443, "2019-06-12", "2015-3-22", "deposit"
"81907653077423796255", "北京分行", "443403200402180089", 184853, "2019-06-12", "2010-6-23", "cheque"
"98700466152992011434", "上海分行", "443403200202197606", 189919, "2019-06-12", "2013-2-12", "cheque"
"63695298034165335689", "安徽省分行", "221403199206049468", 114437, "2019-06-12", "2017-6-10", "cheque"
"04563881194343148202", "上海分行", "443621198501066892", 71499, "2019-06-12", "2007-7-16", "cheque"
"94340168977376598114", "南京分行", "443621200309191562", 188313, "2019-06-12", "2017-5-6", "cheque"
"46465369824664330741", "南京分行", "443403198006021491", 133328, "2019-06-12", "2009-10-16", "deposit"
"77591550110955025190", "上海分行", "443403199208237595", 53426, "2019-06-12", "2008-7-10", "cheque"
"91468235846577616464", "南京分行", "443403198407289651", 59541, "2019-06-12", "2014-3-8", "cheque"
"70377354313212895930", "南京分行", "410621198005075007", 144055, "2019-06-12", "2010-10-2", "deposit"
"27855852812736832724", "上海分行", "221621198507285283", 192950, "2019-06-12", "2017-5-24", "deposit"
